documento,idCandidato,ipMesa,puerto
25038593,1,x206m03,10017
959075508,3,x206m03,10019
197206806,2,x206m03,10021
760110664,3,x206m03,10023
138097826,3,x206m03,10025
954278382,3,x206m03,10027
422036203,1,x206m03,10029
789086756,1,x206m03,10031
102288391,3,x206m03,10017
279078071,3,x206m03,10019
421000694,3,x206m03,10021
364296269,2,x206m03,10023
208893767,3,x206m03,10025
996200985,3,x206m03,10027
345433055,1,x206m03,10029
985004262,2,x206m03,10031
151271337,3,x206m03,10017
848034913,3,x206m03,10019
976277865,2,x206m03,10021
594653061,1,x206m03,10023
231188849,2,x206m03,10025
564353787,2,x206m03,10027
372524504,2,x206m03,10029
596369649,2,x206m03,10031
884188093,2,x206m03,10017
673759820,1,x206m03,10019
327733491,2,x206m03,10021
811337977,2,x206m03,10023
45717929,2,x206m03,10025
103461689,1,x206m03,10027
724536207,1,x206m03,10029
176853648,2,x206m03,10031
28793639,1,x206m03,10017
949279860,1,x206m03,10019
750399336,1,x206m03,10021
243382347,2,x206m03,10023
885864204,2,x206m03,10025
260581651,1,x206m03,10027
545292431,2,x206m03,10029
770752807,3,x206m03,10031
630457289,3,x206m03,10017
276921669,3,x206m03,10019
989967424,3,x206m03,10021
681417653,3,x206m03,10023
711681467,2,x206m03,10025
677105875,3,x206m03,10027
647787191,3,x206m03,10029
181565540,1,x206m03,10031
125928246,3,x206m03,10017
751133600,3,x206m03,10019
880607953,2,x206m03,10021
153629527,2,x206m03,10023
764556594,1,x206m03,10025
313256569,3,x206m03,10027
954682493,2,x206m03,10029
525657550,2,x206m03,10031
848278441,3,x206m03,10017
734208476,1,x206m03,10019
516147541,1,x206m03,10021
631273423,3,x206m03,10023
489825033,3,x206m03,10025
686888628,2,x206m03,10027
721980689,1,x206m03,10029
84992446,1,x206m03,10031
967638483,2,x206m03,10017
799926073,1,x206m03,10019
638393012,1,x206m03,10021
942822720,3,x206m03,10023
149437923,3,x206m03,10025
706729881,3,x206m03,10027
424008940,3,x206m03,10029
261239994,1,x206m03,10031
517504878,1,x206m03,10017
734208476,3,x206m03,10019
705671621,3,x206m03,10021
506278235,3,x206m03,10023
199629182,2,x206m03,10025
679434262,1,x206m03,10027
540012865,3,x206m03,10029
456963588,2,x206m03,10031
176950251,2,x206m03,10017
665941374,1,x206m03,10019
902009245,2,x206m03,10021
606828725,1,x206m03,10023
802292752,3,x206m03,10025
138119997,3,x206m03,10027
160248686,2,x206m03,10029
879097915,2,x206m03,10031
618637368,1,x206m03,10017
162597519,2,x206m03,10019
218632605,3,x206m03,10021
67013087,1,x206m03,10023
491849957,1,x206m03,10025
475134009,1,x206m03,10027
806917796,1,x206m03,10029
777649195,3,x206m03,10031
657599375,1,x206m03,10017
145086470,3,x206m03,10019
923296041,3,x206m03,10021
997370512,1,x206m03,10023
694360670,3,x206m03,10025
104700659,2,x206m03,10027
217288104,2,x206m03,10029
176487899,1,x206m03,10031
873989931,1,x206m03,10017
347441316,1,x206m03,10019
399814445,3,x206m03,10021
925300326,3,x206m03,10023
826322399,2,x206m03,10025
528515206,2,x206m03,10027
847739249,2,x206m03,10029
676361622,3,x206m03,10031
733789034,3,x206m03,10017
645541752,2,x206m03,10019
496564015,1,x206m03,10021
221761053,2,x206m03,10023
391493370,3,x206m03,10025
477607375,3,x206m03,10027
694581521,3,x206m03,10029
815544514,1,x206m03,10031
325352016,3,x206m03,10017
603241851,2,x206m03,10019
305172430,2,x206m03,10021
389026686,2,x206m03,10023
723152825,3,x206m03,10025
320265672,3,x206m03,10027
822988271,2,x206m03,10029
969972092,1,x206m03,10031
606707046,2,x206m03,10017
834748191,2,x206m03,10019
233274719,1,x206m03,10021
280958324,3,x206m03,10023
945211811,3,x206m03,10025
45717929,3,x206m03,10027
754078112,2,x206m03,10029
850513956,3,x206m03,10031
338494393,3,x206m03,10017
219610702,1,x206m03,10019
436850118,1,x206m03,10021
124926306,2,x206m03,10023
83459907,2,x206m03,10025
289635739,2,x206m03,10027
679434262,1,x206m03,10029
337283262,1,x206m03,10031
133509248,1,x206m03,10017
885276511,1,x206m03,10019
267460149,2,x206m03,10021
398845082,3,x206m03,10023
397880117,1,x206m03,10025
545518039,3,x206m03,10027
99861684,1,x206m03,10029
919154236,1,x206m03,10031
260581651,3,x206m03,10017
399316914,1,x206m03,10019
565556650,1,x206m03,10021
269648134,2,x206m03,10023
870603637,2,x206m03,10025
293765662,2,x206m03,10027
793168914,1,x206m03,10029
464743818,1,x206m03,10031
132219339,1,x206m03,10017
915498315,1,x206m03,10019
336488554,1,x206m03,10021
190742312,3,x206m03,10023
399297671,1,x206m03,10025
167385809,3,x206m03,10027
651851430,3,x206m03,10029
979192184,3,x206m03,10031
128099760,1,x206m03,10017
400565880,2,x206m03,10019
703449934,3,x206m03,10021
510662552,3,x206m03,10023
920736395,1,x206m03,10025
80913374,3,x206m03,10027
56333186,3,x206m03,10029
896233998,3,x206m03,10031
197618708,3,x206m03,10017
813465845,2,x206m03,10019
354181882,1,x206m03,10021
704438595,2,x206m03,10023
145037871,3,x206m03,10025
901298137,1,x206m03,10027
105244299,3,x206m03,10029
502962495,1,x206m03,10031
788860940,1,x206m03,10017
336411674,1,x206m03,10019
408954039,2,x206m03,10021
682534020,3,x206m03,10023
578493445,3,x206m03,10025
941131891,3,x206m03,10027
683128491,1,x206m03,10029
611353742,3,x206m03,10031
501955690,2,x206m03,10017
121087201,1,x206m03,10019
680942751,3,x206m03,10021
267460149,3,x206m03,10023
162597519,3,x206m03,10025
33637902,3,x206m03,10027
149878652,1,x206m03,10029
502038784,3,x206m03,10031
380992810,2,x206m03,10017
152812203,2,x206m03,10019
202554638,2,x206m03,10021
257267950,2,x206m03,10023
813949086,2,x206m03,10025
628443487,3,x206m03,10027
726471378,1,x206m03,10029
709611372,1,x206m03,10031
659840833,2,x206m03,10017
688736251,1,x206m03,10019
571072017,1,x206m03,10021
186381837,2,x206m03,10023
438356900,3,x206m03,10025
57021354,3,x206m03,10027
119771473,3,x206m03,10029
702600726,3,x206m03,10031
843458323,1,x206m03,10017
126301251,3,x206m03,10019
56777233,3,x206m03,10021
376676838,2,x206m03,10023
643807110,2,x206m03,10025
600943053,2,x206m03,10027
393453387,1,x206m03,10029
921380570,3,x206m03,10031
181736967,2,x206m03,10017
715915270,1,x206m03,10019
182513821,1,x206m03,10021
289487916,1,x206m03,10023
472757853,1,x206m03,10025
208062275,1,x206m03,10027
199551671,3,x206m03,10029
894458445,1,x206m03,10031
260937798,1,x206m03,10017
12216269,3,x206m03,10019
412666684,3,x206m03,10021
57185854,1,x206m03,10023
670614430,1,x206m03,10025
644109309,1,x206m03,10027
632159694,2,x206m03,10029
696693999,2,x206m03,10031
881604170,3,x206m03,10017
251524105,3,x206m03,10019
107495017,1,x206m03,10021
593161690,1,x206m03,10023
918521468,3,x206m03,10025
656805858,2,x206m03,10027
782841567,2,x206m03,10029
569775635,3,x206m03,10031
149678664,1,x206m03,10017
344353185,3,x206m03,10019
175824253,2,x206m03,10021
459160214,2,x206m03,10023
513028738,3,x206m03,10025
737328531,3,x206m03,10027
383433625,3,x206m03,10029
789550756,3,x206m03,10031
490501952,3,x206m03,10017
666509143,3,x206m03,10019
412952489,1,x206m03,10021
657202524,2,x206m03,10023
823523729,2,x206m03,10025
794684494,3,x206m03,10027
787245700,2,x206m03,10029
362743994,2,x206m03,10031
323954576,1,x206m03,10017
854237179,2,x206m03,10019
670257172,3,x206m03,10021
668584449,1,x206m03,10023
524726815,2,x206m03,10025
465324829,1,x206m03,10027
827297683,3,x206m03,10029
770590527,2,x206m03,10031
819030399,2,x206m03,10017
98701733,2,x206m03,10019
999968333,1,x206m03,10021
272630459,1,x206m03,10023
30899866,1,x206m03,10025
536026607,3,x206m03,10027
485447371,3,x206m03,10029
225754807,2,x206m03,10031
880606695,3,x206m03,10017
904133649,1,x206m03,10019
766671244,3,x206m03,10021
668386647,3,x206m03,10023
89831150,2,x206m03,10025
226104157,3,x206m03,10027
296680737,2,x206m03,10029
852667297,1,x206m03,10031
45485172,2,x206m03,10017
643274211,1,x206m03,10019
729539756,2,x206m03,10021
389906130,2,x206m03,10023
770702258,1,x206m03,10025
921955488,3,x206m03,10027
479778596,1,x206m03,10029
818490516,3,x206m03,10031
313256569,3,x206m03,10017
769364170,1,x206m03,10019
870944518,1,x206m03,10021
217415794,1,x206m03,10023
819700092,2,x206m03,10025
823109783,2,x206m03,10027
12419872,3,x206m03,10029
686063664,1,x206m03,10031
714876961,1,x206m03,10017
734208476,1,x206m03,10019
569295951,1,x206m03,10021
130265241,1,x206m03,10023
755537301,3,x206m03,10025
626139492,1,x206m03,10027
953282037,3,x206m03,10029
193883424,3,x206m03,10031
164814278,2,x206m03,10017
927012318,2,x206m03,10019
78315567,2,x206m03,10021
421664600,3,x206m03,10023
675865863,2,x206m03,10025
942904298,3,x206m03,10027
230041926,2,x206m03,10029
801570838,1,x206m03,10031
192801886,2,x206m03,10017
668267326,2,x206m03,10019
840717207,1,x206m03,10021
498769453,1,x206m03,10023
116223069,3,x206m03,10025
163158977,3,x206m03,10027
332638877,2,x206m03,10029
119782286,1,x206m03,10031
393471957,2,x206m03,10017
242097670,3,x206m03,10019
671287664,3,x206m03,10021
946025764,2,x206m03,10023
710217099,1,x206m03,10025
126336555,1,x206m03,10027
523320407,1,x206m03,10029
136013740,3,x206m03,10031
39229670,1,x206m03,10017
460502056,3,x206m03,10019
988566416,2,x206m03,10021
655125452,3,x206m03,10023
389822350,2,x206m03,10025
629249833,2,x206m03,10027
435948872,1,x206m03,10029
442135432,1,x206m03,10031
551755601,1,x206m03,10017
689845502,1,x206m03,10019
359423915,1,x206m03,10021
954251951,2,x206m03,10023
693419944,3,x206m03,10025
496564015,2,x206m03,10027
223815186,3,x206m03,10029
956568951,3,x206m03,10031
201077363,1,x206m03,10017
607499898,1,x206m03,10019
833883576,1,x206m03,10021
853791855,2,x206m03,10023
343431328,2,x206m03,10025
289997920,1,x206m03,10027
126336555,3,x206m03,10029
181393027,3,x206m03,10031
180217493,3,x206m03,10017
813949086,2,x206m03,10019
259599327,2,x206m03,10021
358608966,3,x206m03,10023
101826404,2,x206m03,10025
875978200,1,x206m03,10027
433200815,2,x206m03,10029
229059447,2,x206m03,10031
746516710,1,x206m03,10017
552666973,2,x206m03,10019
167932916,3,x206m03,10021
179363815,2,x206m03,10023
373562813,2,x206m03,10025
354212207,1,x206m03,10027
733789034,2,x206m03,10029
517015912,1,x206m03,10031
16582436,1,x206m03,10017
820954879,2,x206m03,10019
875399775,3,x206m03,10021
256473327,1,x206m03,10023
579014135,2,x206m03,10025
779857355,1,x206m03,10027
725618450,3,x206m03,10029
172694890,2,x206m03,10031
949279860,3,x206m03,10017
901387589,3,x206m03,10019
426907880,2,x206m03,10021
745859123,1,x206m03,10023
538621681,2,x206m03,10025
594992334,3,x206m03,10027
905712322,3,x206m03,10029
677105875,2,x206m03,10031
13323177,2,x206m03,10017
842847950,2,x206m03,10019
271021996,3,x206m03,10021
153670565,2,x206m03,10023
847529080,3,x206m03,10025
855809233,3,x206m03,10027
314758735,2,x206m03,10029
459393530,2,x206m03,10031
776011014,3,x206m03,10017
752860283,3,x206m03,10019
525286499,2,x206m03,10021
223162680,3,x206m03,10023
784221855,3,x206m03,10025
611153426,2,x206m03,10027
763198094,3,x206m03,10029
262593732,3,x206m03,10031
963352549,1,x206m03,10017
208551134,3,x206m03,10019
927012887,1,x206m03,10021
696160504,2,x206m03,10023
412743055,3,x206m03,10025
783946242,3,x206m03,10027
894260779,3,x206m03,10029
126995208,2,x206m03,10031
445026259,2,x206m03,10017
207160134,2,x206m03,10019
321545088,3,x206m03,10021
36279860,2,x206m03,10023
694987107,2,x206m03,10025
103461689,1,x206m03,10027
731067673,1,x206m03,10029
589924408,2,x206m03,10031
797510060,2,x206m03,10017
123590269,2,x206m03,10019
345148522,1,x206m03,10021
676708676,2,x206m03,10023
895093864,3,x206m03,10025
850108229,1,x206m03,10027
580843637,2,x206m03,10029
568023793,2,x206m03,10031
885349782,3,x206m03,10017
444852718,3,x206m03,10019
291999532,3,x206m03,10021
260581651,1,x206m03,10023
960457515,1,x206m03,10025
997241110,2,x206m03,10027
492647257,1,x206m03,10029
734589180,2,x206m03,10031
788390026,1,x206m03,10017
799897928,3,x206m03,10019
298282378,2,x206m03,10021
33061636,2,x206m03,10023
946635026,3,x206m03,10025
265016907,2,x206m03,10027
781022948,2,x206m03,10029
625131447,3,x206m03,10031
981188998,2,x206m03,10017
59170249,1,x206m03,10019
623957294,1,x206m03,10021
972941236,3,x206m03,10023
959765530,3,x206m03,10025
669165682,2,x206m03,10027
809156258,1,x206m03,10029
880591281,2,x206m03,10031
666551938,3,x206m03,10017
391852074,3,x206m03,10019
121589503,2,x206m03,10021
511528158,1,x206m03,10023
405244018,1,x206m03,10025
831635518,1,x206m03,10027
407525914,3,x206m03,10029
486672723,3,x206m03,10031
517015912,2,x206m03,10017
356834317,1,x206m03,10019
779857355,3,x206m03,10021
788390026,1,x206m03,10023
488889622,2,x206m03,10025
943185966,2,x206m03,10027
948306159,1,x206m03,10029
819854983,3,x206m03,10031
729293462,1,x206m03,10017
984256966,1,x206m03,10019
703670812,1,x206m03,10021
830992272,1,x206m03,10023
398107941,3,x206m03,10025
349353330,2,x206m03,10027
913255170,1,x206m03,10029
642415396,3,x206m03,10031
656261506,1,x206m03,10017
289092376,1,x206m03,10019
515324870,2,x206m03,10021
870005297,1,x206m03,10023
333021698,2,x206m03,10025
934737011,3,x206m03,10027
830734414,2,x206m03,10029
803008805,2,x206m03,10031
896026906,3,x206m03,10017
124233100,2,x206m03,10019
643178499,3,x206m03,10021
118212397,2,x206m03,10023
375651943,1,x206m03,10025
622099917,1,x206m03,10027
743695113,2,x206m03,10029
465954474,3,x206m03,10031
764246040,3,x206m03,10017
700350036,2,x206m03,10019
30593357,3,x206m03,10021
587995329,2,x206m03,10023
883957893,2,x206m03,10025
615008042,3,x206m03,10027
351701493,2,x206m03,10029
955242341,2,x206m03,10031
114954782,2,x206m03,10017
715106055,1,x206m03,10019
829016123,3,x206m03,10021
259558343,2,x206m03,10023
212366792,2,x206m03,10025
432426240,3,x206m03,10027
299163526,1,x206m03,10029
470878523,2,x206m03,10031
268563296,2,x206m03,10017
329130245,3,x206m03,10019
693061880,2,x206m03,10021
724100997,2,x206m03,10023
425430801,2,x206m03,10025
62015647,3,x206m03,10027
905653852,1,x206m03,10029
152264170,1,x206m03,10031
613068350,3,x206m03,10017
891594001,2,x206m03,10019
610796158,3,x206m03,10021
156263596,2,x206m03,10023
579331064,2,x206m03,10025
779136609,2,x206m03,10027
348752177,1,x206m03,10029
451311599,2,x206m03,10031
362147211,2,x206m03,10017
432136487,1,x206m03,10019
147266157,1,x206m03,10021
844983511,3,x206m03,10023
123032494,1,x206m03,10025
48692286,3,x206m03,10027
216418172,1,x206m03,10029
757632745,3,x206m03,10031
303330850,1,x206m03,10017
110469159,3,x206m03,10019
186437776,1,x206m03,10021
285509101,3,x206m03,10023
281221729,3,x206m03,10025
429683192,3,x206m03,10027
953584840,2,x206m03,10029
670367899,2,x206m03,10031
430309272,2,x206m03,10017
110364641,2,x206m03,10019
558105773,1,x206m03,10021
164173704,3,x206m03,10023
803165867,2,x206m03,10025
607118718,2,x206m03,10027
739854267,2,x206m03,10029
519045919,1,x206m03,10031
202562608,2,x206m03,10017
704498335,2,x206m03,10019
580842309,1,x206m03,10021
313170597,1,x206m03,10023
163609375,2,x206m03,10025
901678799,1,x206m03,10027
895559922,3,x206m03,10029
578648316,2,x206m03,10031
791505032,2,x206m03,10017
462675250,1,x206m03,10019
675865863,1,x206m03,10021
201041825,3,x206m03,10023
613062643,3,x206m03,10025
689845502,1,x206m03,10027
303883272,2,x206m03,10029
131389527,1,x206m03,10031
113147351,3,x206m03,10017
846032984,2,x206m03,10019
422923198,2,x206m03,10021
269087460,1,x206m03,10023
223468837,3,x206m03,10025
917359047,1,x206m03,10027
372112574,2,x206m03,10029
519045919,2,x206m03,10031
476700967,2,x206m03,10017
590343908,1,x206m03,10019
252043371,2,x206m03,10021
308912036,2,x206m03,10023
349873822,2,x206m03,10025
358299222,3,x206m03,10027
162597519,1,x206m03,10029
459189999,3,x206m03,10031
154885058,3,x206m03,10017
712794765,1,x206m03,10019
851364765,3,x206m03,10021
145716831,1,x206m03,10023
386237304,3,x206m03,10025
819380188,2,x206m03,10027
457748211,1,x206m03,10029
711897363,3,x206m03,10031
764956766,2,x206m03,10017
200635196,3,x206m03,10019
207396671,3,x206m03,10021
469366236,2,x206m03,10023
11120737,2,x206m03,10025
655041167,1,x206m03,10027
590016765,2,x206m03,10029
804313877,1,x206m03,10031
619202543,2,x206m03,10017
96136893,3,x206m03,10019
243325819,3,x206m03,10021
43202537,2,x206m03,10023
161998092,2,x206m03,10025
665041767,2,x206m03,10027
454425591,2,x206m03,10029
822992275,1,x206m03,10031
78315567,2,x206m03,10017
437837101,2,x206m03,10019
724162637,3,x206m03,10021
455793752,3,x206m03,10023
509692498,1,x206m03,10025
505881103,3,x206m03,10027
433594152,3,x206m03,10029
845122510,3,x206m03,10031
779817693,2,x206m03,10017
339389081,2,x206m03,10019
477701213,1,x206m03,10021
850982499,2,x206m03,10023
959765530,1,x206m03,10025
357522445,2,x206m03,10027
84122909,2,x206m03,10029
92284288,1,x206m03,10031
351445388,3,x206m03,10017
82958127,3,x206m03,10019
557845896,3,x206m03,10021
592840332,3,x206m03,10023
719051645,1,x206m03,10025
613261435,3,x206m03,10027
539597424,2,x206m03,10029
911522472,2,x206m03,10031
357585621,1,x206m03,10017
482229644,2,x206m03,10019
846875226,1,x206m03,10021
589473795,2,x206m03,10023
954251951,1,x206m03,10025
668062625,3,x206m03,10027
149586680,1,x206m03,10029
119654201,1,x206m03,10031
544983731,3,x206m03,10017
101254486,1,x206m03,10019
107593286,1,x206m03,10021
688700295,3,x206m03,10023
373800086,1,x206m03,10025
259597647,3,x206m03,10027
286937497,2,x206m03,10029
435492635,2,x206m03,10031
311210706,1,x206m03,10017
180740387,1,x206m03,10019
256620689,3,x206m03,10021
188184462,2,x206m03,10023
24342281,2,x206m03,10025
551578347,2,x206m03,10027
583421041,1,x206m03,10029
119654201,1,x206m03,10031
764058560,2,x206m03,10017
573950571,3,x206m03,10019
122401544,1,x206m03,10021
617384447,3,x206m03,10023
120594935,2,x206m03,10025
432284786,2,x206m03,10027
997476255,3,x206m03,10029
576229279,3,x206m03,10031
868396589,2,x206m03,10017
483037753,3,x206m03,10019
775011315,1,x206m03,10021
56805902,2,x206m03,10023
500660640,3,x206m03,10025
488400012,1,x206m03,10027
829765925,3,x206m03,10029
764956766,3,x206m03,10031
877284355,2,x206m03,10017
154547686,3,x206m03,10019
416253011,3,x206m03,10021
436051416,3,x206m03,10023
786295996,3,x206m03,10025
128431616,3,x206m03,10027
535860585,1,x206m03,10029
239718587,1,x206m03,10031
451311599,2,x206m03,10017
528515206,2,x206m03,10019
574404909,3,x206m03,10021
668386909,3,x206m03,10023
392056556,3,x206m03,10025
134840394,3,x206m03,10027
28915138,3,x206m03,10029
339389081,2,x206m03,10031
174817391,2,x206m03,10017
67227817,1,x206m03,10019
673271998,1,x206m03,10021
499793087,1,x206m03,10023
73248382,3,x206m03,10025
923388126,1,x206m03,10027
631751184,1,x206m03,10029
237355071,3,x206m03,10031
797985076,2,x206m03,10017
679434262,1,x206m03,10019
990143855,3,x206m03,10021
499054596,3,x206m03,10023
119614002,1,x206m03,10025
429669476,3,x206m03,10027
541366050,2,x206m03,10029
361089616,1,x206m03,10031
762228167,2,x206m03,10017
690927299,1,x206m03,10019
663230576,3,x206m03,10021
269245482,1,x206m03,10023
87759315,1,x206m03,10025
453497071,2,x206m03,10027
273245154,3,x206m03,10029
597147353,2,x206m03,10031
210305821,2,x206m03,10017
770372062,3,x206m03,10019
400808054,1,x206m03,10021
515501900,1,x206m03,10023
453826467,1,x206m03,10025
908550744,3,x206m03,10027
715217906,2,x206m03,10029
770403360,2,x206m03,10031
996846914,1,x206m03,10017
152622514,1,x206m03,10019
733094247,2,x206m03,10021
303330850,2,x206m03,10023
156629013,1,x206m03,10025
896964078,2,x206m03,10027
415407686,3,x206m03,10029
935300563,1,x206m03,10031
545673900,2,x206m03,10017
690229733,1,x206m03,10019
269523636,3,x206m03,10021
180289907,1,x206m03,10023
611972889,3,x206m03,10025
995342383,3,x206m03,10027
867922164,2,x206m03,10029
308263661,3,x206m03,10031
351674932,1,x206m03,10017
128705822,2,x206m03,10019
869000330,1,x206m03,10021
826286364,3,x206m03,10023
627007929,2,x206m03,10025
204484268,3,x206m03,10027
15076869,3,x206m03,10029
457771996,2,x206m03,10031
885910812,2,x206m03,10017
499851201,1,x206m03,10019
67200295,1,x206m03,10021
444158062,3,x206m03,10023
799897928,2,x206m03,10025
763412837,2,x206m03,10027
446660376,1,x206m03,10029
496698388,2,x206m03,10031
490998762,3,x206m03,10017
837971258,2,x206m03,10019
367613268,2,x206m03,10021
184513684,2,x206m03,10023
441010422,2,x206m03,10025
476710046,3,x206m03,10027
946260763,1,x206m03,10029
934737011,2,x206m03,10031
541376715,3,x206m03,10017
789162544,2,x206m03,10019
873780811,3,x206m03,10021
467176212,3,x206m03,10023
999001738,1,x206m03,10025
779855806,1,x206m03,10027
460020681,3,x206m03,10029
676330068,3,x206m03,10031
509692498,2,x206m03,10017
960191770,2,x206m03,10019
525657550,1,x206m03,10021
894260779,3,x206m03,10023
716297342,3,x206m03,10025
191064824,2,x206m03,10027
751523450,1,x206m03,10029
442135432,1,x206m03,10031
279890453,2,x206m03,10017
843254833,1,x206m03,10019
122019178,3,x206m03,10021
13418248,2,x206m03,10023
648207527,2,x206m03,10025
667785339,1,x206m03,10027
221048034,1,x206m03,10029
289494985,3,x206m03,10031
538518033,1,x206m03,10017
887238353,2,x206m03,10019
226635613,2,x206m03,10021
218994030,3,x206m03,10023
146817077,3,x206m03,10025
955242341,2,x206m03,10027
529454601,2,x206m03,10029
198892873,3,x206m03,10031
412205931,1,x206m03,10017
55187101,1,x206m03,10019
356489862,1,x206m03,10021
700437869,3,x206m03,10023
963459696,1,x206m03,10025
769371776,1,x206m03,10027
517455114,2,x206m03,10029
678794146,2,x206m03,10031
263104612,2,x206m03,10017
274639869,1,x206m03,10019
289962760,2,x206m03,10021
313172701,2,x206m03,10023
666911416,3,x206m03,10025
535860585,2,x206m03,10027
744769930,2,x206m03,10029
267752491,2,x206m03,10031
800163202,3,x206m03,10017
128099760,3,x206m03,10019
679111792,2,x206m03,10021
656860984,2,x206m03,10023
892743613,2,x206m03,10025
791556285,1,x206m03,10027
386018601,3,x206m03,10029
499851201,3,x206m03,10031
694255000,3,x206m03,10017
83459907,3,x206m03,10019
224701909,3,x206m03,10021
270010803,1,x206m03,10023
152012908,1,x206m03,10025
587864354,1,x206m03,10027
763410917,1,x206m03,10029
613147347,3,x206m03,10031
254055922,3,x206m03,10017
877089113,3,x206m03,10019
268589936,1,x206m03,10021
158751698,1,x206m03,10023
858022582,2,x206m03,10025
871471677,2,x206m03,10027
248244688,1,x206m03,10029
805404026,1,x206m03,10031
843450308,3,x206m03,10017
756113863,2,x206m03,10019
619425638,2,x206m03,10021
988233786,2,x206m03,10023
402186728,3,x206m03,10025
572422445,2,x206m03,10027
851421760,1,x206m03,10029
216024249,2,x206m03,10031
244292952,3,x206m03,10017
466166503,2,x206m03,10019
770403360,2,x206m03,10021
538536449,3,x206m03,10023
77870099,2,x206m03,10025
443230016,3,x206m03,10027
193788144,1,x206m03,10029
614913311,1,x206m03,10031
779810421,2,x206m03,10017
406904938,3,x206m03,10019
751523450,2,x206m03,10021
532146583,3,x206m03,10023
284805332,1,x206m03,10025
220274348,2,x206m03,10027
769695144,1,x206m03,10029
801780628,2,x206m03,10031
487197302,1,x206m03,10017
269522713,3,x206m03,10019
903575915,3,x206m03,10021
267752491,2,x206m03,10023
111015162,2,x206m03,10025
791921362,2,x206m03,10027
77870099,3,x206m03,10029
810188090,2,x206m03,10031
11164196,1,x206m03,10017
528515206,2,x206m03,10019
673583665,1,x206m03,10021
798622921,1,x206m03,10023
437715416,3,x206m03,10025
187818623,3,x206m03,10027
535996385,3,x206m03,10029
144597319,2,x206m03,10031
376204233,1,x206m03,10017
604435102,3,x206m03,10019
574183074,3,x206m03,10021
689845502,3,x206m03,10023
574075240,3,x206m03,10025
704261540,3,x206m03,10027
783657084,3,x206m03,10029
706829621,1,x206m03,10031
165078405,1,x206m03,10017
508095639,1,x206m03,10019
656835914,1,x206m03,10021
993313548,2,x206m03,10023
904964734,1,x206m03,10025
611579197,1,x206m03,10027
199458860,2,x206m03,10029
312474651,3,x206m03,10031
675930737,3,x206m03,10017
454241539,3,x206m03,10019
830992272,2,x206m03,10021
426423048,3,x206m03,10023
871187194,1,x206m03,10025
333747779,3,x206m03,10027
105260686,1,x206m03,10029
130027319,3,x206m03,10031
60536937,1,x206m03,10017
742776667,2,x206m03,10019
893646268,3,x206m03,10021
28193686,1,x206m03,10023
588347658,2,x206m03,10025
368662294,2,x206m03,10027
406032786,2,x206m03,10029
845019544,1,x206m03,10031
392780013,3,x206m03,10017
458679304,3,x206m03,10019
69166629,2,x206m03,10021
918249519,3,x206m03,10023
128111106,3,x206m03,10025
546164488,1,x206m03,10027
277259055,2,x206m03,10029
850111655,3,x206m03,10031
772825859,1,x206m03,10017
670367899,3,x206m03,10019
380992810,3,x206m03,10021
183982695,2,x206m03,10023
869113585,1,x206m03,10025
253297129,1,x206m03,10027
459579058,3,x206m03,10029
938036437,2,x206m03,10031
864241131,3,x206m03,10017
809310847,2,x206m03,10019
783438056,3,x206m03,10021
27748305,2,x206m03,10023
573901597,1,x206m03,10025
718189815,3,x206m03,10027
206893086,3,x206m03,10029
764683496,1,x206m03,10031
13903596,1,x206m03,10017
496444256,3,x206m03,10019
518282871,3,x206m03,10021
300409148,1,x206m03,10023
893423134,3,x206m03,10025
198319043,1,x206m03,10027
393497851,1,x206m03,10029
126855959,1,x206m03,10031
986914098,2,x206m03,10017
290376918,3,x206m03,10019
551724578,3,x206m03,10021
684614861,2,x206m03,10023
454241539,3,x206m03,10025
114510365,3,x206m03,10027
943445280,2,x206m03,10029
874282377,1,x206m03,10031
624880805,3,x206m03,10017
523138218,1,x206m03,10019
372528388,2,x206m03,10021
122618591,2,x206m03,10023
416442174,1,x206m03,10025
516501191,2,x206m03,10027
626262066,1,x206m03,10029
615008042,2,x206m03,10031
12419872,2,x206m03,10017
575671592,3,x206m03,10019
234822264,3,x206m03,10021
472307187,1,x206m03,10023
143711587,3,x206m03,10025
534829431,3,x206m03,10027
259597647,2,x206m03,10029
711681467,1,x206m03,10031
488653789,3,x206m03,10017
157160959,1,x206m03,10019
705626404,2,x206m03,10021
493288577,1,x206m03,10023
417741830,1,x206m03,10025
883263398,3,x206m03,10027
758128705,3,x206m03,10029
966526052,2,x206m03,10031
717718052,3,x206m03,10017
389165323,1,x206m03,10019
408954039,3,x206m03,10021
579447957,3,x206m03,10023
409793719,1,x206m03,10025
471450215,2,x206m03,10027
13418248,2,x206m03,10029
622586711,2,x206m03,10031
753995529,2,x206m03,10017
55473371,1,x206m03,10019
613261435,1,x206m03,10021
603419586,3,x206m03,10023
236993125,1,x206m03,10025
317842784,1,x206m03,10027
320221032,2,x206m03,10029
880488995,3,x206m03,10031
589463029,1,x206m03,10017
140828274,2,x206m03,10019
51965664,2,x206m03,10021
853209200,2,x206m03,10023
207213730,3,x206m03,10025
615087318,3,x206m03,10027
677105875,1,x206m03,10029
718090159,2,x206m03,10031
535051954,2,x206m03,10017
690420020,2,x206m03,10019
683043183,1,x206m03,10021
704450751,2,x206m03,10023
427802181,3,x206m03,10025
147103531,3,x206m03,10027
221022948,1,x206m03,10029
958003718,1,x206m03,10031
40695306,1,x206m03,10017
262739727,2,x206m03,10019
86883925,2,x206m03,10021
626460986,3,x206m03,10023
774472722,2,x206m03,10025
285322726,3,x206m03,10027
980053751,2,x206m03,10029
323597104,2,x206m03,10031
429068482,3,x206m03,10017
168538973,1,x206m03,10019
407018099,3,x206m03,10021
330829754,1,x206m03,10023
788215112,3,x206m03,10025
181660977,1,x206m03,10027
150771754,1,x206m03,10029
848643928,1,x206m03,10031
248308242,1,x206m03,10017
352420468,1,x206m03,10019
991925535,2,x206m03,10021
947055768,1,x206m03,10023
777355837,1,x206m03,10025
862364891,1,x206m03,10027
136266677,1,x206m03,10029
885445066,1,x206m03,10031
665584654,3,x206m03,10017
938278287,1,x206m03,10019
673271998,3,x206m03,10021
564353787,3,x206m03,10023
462192481,1,x206m03,10025
257267950,1,x206m03,10027
723734810,1,x206m03,10029
570045012,1,x206m03,10031
629297094,2,x206m03,10017
647060786,3,x206m03,10019
321554057,1,x206m03,10021
943374834,1,x206m03,10023
999721820,3,x206m03,10025
975845023,1,x206m03,10027
305584882,3,x206m03,10029
167455416,3,x206m03,10031
91882826,2,x206m03,10017
732004746,2,x206m03,10019
835704028,3,x206m03,10021
107325128,3,x206m03,10023
60889571,2,x206m03,10025
493939932,2,x206m03,10027
568426642,1,x206m03,10029
35166608,2,x206m03,10031
376975241,3,x206m03,10017
272476785,2,x206m03,10019
580842309,1,x206m03,10021
755798627,1,x206m03,10023
287615440,3,x206m03,10025
192424857,1,x206m03,10027
16607921,1,x206m03,10029
572422445,3,x206m03,10031
709942570,1,x206m03,10017
841243462,1,x206m03,10019
596183224,1,x206m03,10021
128162683,1,x206m03,10023
477777489,1,x206m03,10025
956597908,2,x206m03,10027
407149428,1,x206m03,10029
980053751,1,x206m03,10031
540152480,2,x206m03,10017
114735421,1,x206m03,10019
728907699,2,x206m03,10021
957486901,1,x206m03,10023
101974277,3,x206m03,10025
993313548,3,x206m03,10027
292927840,1,x206m03,10029
478652358,3,x206m03,10031
614913311,3,x206m03,10017
268877527,2,x206m03,10019
952444536,2,x206m03,10021
899236469,2,x206m03,10023
207094792,1,x206m03,10025
885276511,3,x206m03,10027
159708973,2,x206m03,10029
39062025,1,x206m03,10031
356816486,3,x206m03,10017
694360670,2,x206m03,10019
737680384,3,x206m03,10021
151575276,2,x206m03,10023
662537868,3,x206m03,10025
83459907,3,x206m03,10027
963287068,2,x206m03,10029
958469411,2,x206m03,10031
887238353,1,x206m03,10017
698218492,3,x206m03,10019
334882338,2,x206m03,10021
635605094,1,x206m03,10023
867830640,3,x206m03,10025
747121355,1,x206m03,10027
184513684,2,x206m03,10029
818566778,3,x206m03,10031
461630289,1,x206m03,10017
394272508,1,x206m03,10019
671581750,2,x206m03,10021
816769278,1,x206m03,10023
899704563,3,x206m03,10025
124022460,1,x206m03,10027
321497544,1,x206m03,10029
160420738,1,x206m03,10031
20488845,2,x206m03,10017
583940919,2,x206m03,10019
852355502,1,x206m03,10021
173948945,2,x206m03,10023
814606162,1,x206m03,10025
687504024,2,x206m03,10027
117865050,2,x206m03,10029
568023793,1,x206m03,10031
117316105,3,x206m03,10017
973466422,3,x206m03,10019
633272197,1,x206m03,10021
535264449,2,x206m03,10023
399091882,1,x206m03,10025
914876504,1,x206m03,10027
770403360,3,x206m03,10029
908142996,3,x206m03,10031
702256802,1,x206m03,10017
72072800,2,x206m03,10019
542941097,2,x206m03,10021
643619860,2,x206m03,10023
150771754,3,x206m03,10025
103461689,3,x206m03,10027
254229477,1,x206m03,10029
45514789,2,x206m03,10031
270369432,2,x206m03,10017
809156258,1,x206m03,10019
380168867,1,x206m03,10021
767194399,3,x206m03,10023
926500463,2,x206m03,10025
482657907,1,x206m03,10027
393682240,3,x206m03,10029
203834523,2,x206m03,10031
515049269,1,x206m03,10017
288338550,1,x206m03,10019
687980119,2,x206m03,10021
998919168,2,x206m03,10023
787245700,2,x206m03,10025
531461885,2,x206m03,10027
613751895,1,x206m03,10029
662068534,3,x206m03,10031
626320281,1,x206m03,10017
96761609,1,x206m03,10019
817403735,3,x206m03,10021
413380670,3,x206m03,10023
218415097,3,x206m03,10025
822303793,2,x206m03,10027
837812071,1,x206m03,10029
314859572,2,x206m03,10031
510395628,2,x206m03,10017
444942545,2,x206m03,10019
534829431,2,x206m03,10021
742574805,2,x206m03,10023
665651267,1,x206m03,10025
919154236,3,x206m03,10027
333159394,1,x206m03,10029
875865929,2,x206m03,10031
918423326,2,x206m03,10017
330900488,2,x206m03,10019
30534183,2,x206m03,10021
934382062,1,x206m03,10023
272918449,1,x206m03,10025
126336555,1,x206m03,10027
186381837,1,x206m03,10029
986809293,3,x206m03,10031
975166622,2,x206m03,10017
415596848,2,x206m03,10019
204655396,2,x206m03,10021
97053019,1,x206m03,10023
459501016,1,x206m03,10025
979377725,1,x206m03,10027
638222128,1,x206m03,10029
457177057,1,x206m03,10031
779352847,2,x206m03,10017
764683496,3,x206m03,10019
472775522,1,x206m03,10021
290359772,1,x206m03,10023
308401554,2,x206m03,10025
358291962,3,x206m03,10027
600262037,2,x206m03,10029
850217707,3,x206m03,10031
620801493,2,x206m03,10017
737328531,1,x206m03,10019
392425426,2,x206m03,10021
518565344,1,x206m03,10023
954372331,3,x206m03,10025
89942146,1,x206m03,10027
307821706,2,x206m03,10029
649242490,2,x206m03,10031
754812774,3,x206m03,10017
563074853,3,x206m03,10019
597465114,2,x206m03,10021
738289277,3,x206m03,10023
505791232,1,x206m03,10025
737446622,2,x206m03,10027
277188186,1,x206m03,10029
867504812,2,x206m03,10031
867985741,2,x206m03,10017
170262396,1,x206m03,10019
846366944,1,x206m03,10021
970708888,2,x206m03,10023
723129797,3,x206m03,10025
822992275,2,x206m03,10027
160106602,1,x206m03,10029
853512421,1,x206m03,10031
896345184,3,x206m03,10017
654640075,2,x206m03,10019
988233786,1,x206m03,10021
566310433,3,x206m03,10023
474657711,1,x206m03,10025
479214942,1,x206m03,10027
908463918,3,x206m03,10029
183430950,2,x206m03,10031
713544969,3,x206m03,10017
458679304,1,x206m03,10019
462622983,3,x206m03,10021
926729833,3,x206m03,10023
436850118,3,x206m03,10025
78488649,2,x206m03,10027
499957533,2,x206m03,10029
936316263,3,x206m03,10031
402583500,1,x206m03,10017
206031787,3,x206m03,10019
913791069,2,x206m03,10021
505791232,2,x206m03,10023
709790458,1,x206m03,10025
478561117,1,x206m03,10027
554862809,2,x206m03,10029
232840526,2,x206m03,10031
519672509,3,x206m03,10017
627316611,3,x206m03,10019
462150226,3,x206m03,10021
643597158,1,x206m03,10023
339975992,2,x206m03,10025
207605700,2,x206m03,10027
299252649,1,x206m03,10029
248105882,1,x206m03,10031
790819971,1,x206m03,10017
125938778,3,x206m03,10019
558626310,1,x206m03,10021
627316611,1,x206m03,10023
541213095,2,x206m03,10025
731873502,1,x206m03,10027
926988768,2,x206m03,10029
277188186,1,x206m03,10031
466422257,2,x206m03,10017
668584449,2,x206m03,10019
976277865,2,x206m03,10021
588346172,3,x206m03,10023
144973705,2,x206m03,10025
861711203,2,x206m03,10027
162643241,3,x206m03,10029
791905990,1,x206m03,10031
857611449,2,x206m03,10017
655041167,3,x206m03,10019
666509143,2,x206m03,10021
935817472,2,x206m03,10023
401472579,3,x206m03,10025
199244514,1,x206m03,10027
177898102,2,x206m03,10029
522630906,3,x206m03,10031
378004021,3,x206m03,10017
614913311,2,x206m03,10019
693705851,3,x206m03,10021
488165453,3,x206m03,10023
471554736,3,x206m03,10025
765918643,3,x206m03,10027
560731167,3,x206m03,10029
977508998,3,x206m03,10031
884152539,3,x206m03,10017
625524957,3,x206m03,10019
311210706,3,x206m03,10021
828151374,2,x206m03,10023
654770565,1,x206m03,10025
933926465,1,x206m03,10027
186437776,1,x206m03,10029
955658461,3,x206m03,10031
845265158,1,x206m03,10017
810585204,1,x206m03,10019
442093946,2,x206m03,10021
552220348,1,x206m03,10023
744237288,1,x206m03,10025
517417283,2,x206m03,10027
19398567,1,x206m03,10029
841065582,3,x206m03,10031
634029038,3,x206m03,10017
328806266,1,x206m03,10019
922525138,2,x206m03,10021
516170832,3,x206m03,10023
897192556,3,x206m03,10025
724053944,3,x206m03,10027
694581521,3,x206m03,10029
702776113,2,x206m03,10031
175507586,3,x206m03,10017
107330606,3,x206m03,10019
938585371,3,x206m03,10021
895968078,3,x206m03,10023
310947659,2,x206m03,10025
739636548,3,x206m03,10027
971735733,2,x206m03,10029
232365242,1,x206m03,10031
578320786,2,x206m03,10017
825902833,2,x206m03,10019
177898102,3,x206m03,10021
487314755,3,x206m03,10023
851364765,1,x206m03,10025
662555638,1,x206m03,10027
803733739,2,x206m03,10029
427114334,1,x206m03,10031
946260763,1,x206m03,10017
822276184,1,x206m03,10019
399983363,1,x206m03,10021
434792096,1,x206m03,10023
206023874,1,x206m03,10025
169973932,2,x206m03,10027
97053019,1,x206m03,10029
308912036,3,x206m03,10031
948213641,3,x206m03,10017
980328195,2,x206m03,10019
315441007,3,x206m03,10021
639594188,1,x206m03,10023
491981445,2,x206m03,10025
773325930,2,x206m03,10027
76319472,1,x206m03,10029
802292752,2,x206m03,10031
232840526,3,x206m03,10017
457789375,3,x206m03,10019
412204607,1,x206m03,10021
203844275,2,x206m03,10023
821880908,1,x206m03,10025
240671099,1,x206m03,10027
885864204,1,x206m03,10029
278338779,1,x206m03,10031
821428987,3,x206m03,10017
238059576,3,x206m03,10019
865936651,2,x206m03,10021
189359310,1,x206m03,10023
105307157,1,x206m03,10025
277614986,3,x206m03,10027
356749212,3,x206m03,10029
671460177,2,x206m03,10031
761887468,1,x206m03,10017
697534152,3,x206m03,10019
446024950,3,x206m03,10021
282963587,3,x206m03,10023
869000330,2,x206m03,10025
432182397,2,x206m03,10027
980730267,3,x206m03,10029
201697015,2,x206m03,10031
132179651,1,x206m03,10017
881124049,1,x206m03,10019
656307844,2,x206m03,10021
614824011,3,x206m03,10023
404006792,1,x206m03,10025
915820589,2,x206m03,10027
949279860,1,x206m03,10029
417067768,1,x206m03,10031
202283085,1,x206m03,10017
758252031,1,x206m03,10019
574737966,3,x206m03,10021
900170099,2,x206m03,10023
673759820,2,x206m03,10025
709269354,3,x206m03,10027
499348187,2,x206m03,10029
132219339,2,x206m03,10031
888631056,2,x206m03,10017
190439832,1,x206m03,10019
391744528,2,x206m03,10021
629297094,2,x206m03,10023
406377846,3,x206m03,10025
386256311,1,x206m03,10027
22405505,3,x206m03,10029
429204540,2,x206m03,10031
864435612,3,x206m03,10017
721726317,2,x206m03,10019
605638038,1,x206m03,10021
574826443,1,x206m03,10023
879813691,3,x206m03,10025
548254736,1,x206m03,10027
908550744,2,x206m03,10029
980741453,3,x206m03,10031
103959726,2,x206m03,10017
599007751,3,x206m03,10019
990720680,1,x206m03,10021
476855820,2,x206m03,10023
368785640,3,x206m03,10025
703450323,2,x206m03,10027
754206303,3,x206m03,10029
435492635,2,x206m03,10031
770675589,3,x206m03,10017
593232298,2,x206m03,10019
875111322,1,x206m03,10021
516857256,3,x206m03,10023
226760221,2,x206m03,10025
854808868,2,x206m03,10027
903160539,1,x206m03,10029
757476620,3,x206m03,10031
508095639,1,x206m03,10017
733099080,3,x206m03,10019
435726974,1,x206m03,10021
963168753,2,x206m03,10023
496125438,2,x206m03,10025
330240587,1,x206m03,10027
457268998,1,x206m03,10029
592793795,1,x206m03,10031
110960518,2,x206m03,10017
289494985,3,x206m03,10019
440120354,3,x206m03,10021
372411560,3,x206m03,10023
979192184,2,x206m03,10025
719761979,2,x206m03,10027
412462689,3,x206m03,10029
904581622,1,x206m03,10031
388315843,3,x206m03,10017
594335259,1,x206m03,10019
607118718,1,x206m03,10021
531232697,3,x206m03,10023
216806018,1,x206m03,10025
59170249,1,x206m03,10027
276022477,2,x206m03,10029
859418625,3,x206m03,10031
179663095,3,x206m03,10017
908071313,1,x206m03,10019
67013087,3,x206m03,10021
606828725,1,x206m03,10023
530262200,2,x206m03,10025
403503256,1,x206m03,10027
402583500,3,x206m03,10029
861711203,1,x206m03,10031
123155592,2,x206m03,10017
191566345,2,x206m03,10019
861556961,3,x206m03,10021
815140335,1,x206m03,10023
603573959,1,x206m03,10025
21731210,1,x206m03,10027
880349737,1,x206m03,10029
738289277,1,x206m03,10031
874282377,1,x206m03,10017
924416471,3,x206m03,10019
930467496,2,x206m03,10021
679434262,3,x206m03,10023
615087318,1,x206m03,10025
894299632,1,x206m03,10027
627065651,1,x206m03,10029
199244514,3,x206m03,10031
448340647,3,x206m03,10017
438356900,1,x206m03,10019
816769278,1,x206m03,10021
40804323,3,x206m03,10023
125456981,1,x206m03,10025
457790139,1,x206m03,10027
428446590,1,x206m03,10029
671287664,2,x206m03,10031
915419932,3,x206m03,10017
254482896,1,x206m03,10019
373502972,1,x206m03,10021
728035414,1,x206m03,10023
941010327,1,x206m03,10025
604872791,1,x206m03,10027
380081158,3,x206m03,10029
779413843,1,x206m03,10031
473833476,3,x206m03,10017
119614002,3,x206m03,10019
39582294,2,x206m03,10021
999925718,3,x206m03,10023
230716028,2,x206m03,10025
689886721,1,x206m03,10027
477571769,1,x206m03,10029
627442108,3,x206m03,10031
438013252,2,x206m03,10017
131873747,3,x206m03,10019
579721073,3,x206m03,10021
897965535,3,x206m03,10023
31749531,2,x206m03,10025
87920680,2,x206m03,10027
225521060,2,x206m03,10029
565556650,3,x206m03,10031
469972788,2,x206m03,10017
861867051,3,x206m03,10019
792637373,3,x206m03,10021
920907637,1,x206m03,10023
820274331,3,x206m03,10025
397948149,3,x206m03,10027
665651267,2,x206m03,10029
224701909,3,x206m03,10031
199244514,1,x206m03,10017
549295906,1,x206m03,10019
932476444,3,x206m03,10021
176487899,2,x206m03,10023
999334571,1,x206m03,10025
771312784,3,x206m03,10027
373800086,1,x206m03,10029
902009245,3,x206m03,10031
256177381,2,x206m03,10017
517470146,2,x206m03,10019
770752807,1,x206m03,10021
882462274,3,x206m03,10023
640053699,2,x206m03,10025
894299632,3,x206m03,10027
50088925,2,x206m03,10029
943600111,1,x206m03,10031
257076544,1,x206m03,10017
756455159,3,x206m03,10019
372640623,2,x206m03,10021
133243790,2,x206m03,10023
615865758,3,x206m03,10025
447973653,1,x206m03,10027
273381029,2,x206m03,10029
265142352,1,x206m03,10031
723636575,1,x206m03,10017
98523845,2,x206m03,10019
191564041,2,x206m03,10021
471896152,2,x206m03,10023
73990652,1,x206m03,10025
415315616,3,x206m03,10027
773139515,2,x206m03,10029
946698378,2,x206m03,10031
203683788,1,x206m03,10017
779979707,1,x206m03,10019
20488845,1,x206m03,10021
710859318,1,x206m03,10023
257076544,1,x206m03,10025
105307157,1,x206m03,10027
360444106,3,x206m03,10029
380168867,3,x206m03,10031
164922264,3,x206m03,10017
936806903,1,x206m03,10019
588853360,3,x206m03,10021
125938778,1,x206m03,10023
245080865,3,x206m03,10025
703842980,2,x206m03,10027
681417653,3,x206m03,10029
409402953,2,x206m03,10031
350516214,1,x206m03,10017
500632002,3,x206m03,10019
94002869,2,x206m03,10021
511711395,3,x206m03,10023
154221872,3,x206m03,10025
231396399,1,x206m03,10027
824027173,3,x206m03,10029
460632075,2,x206m03,10031
984150781,2,x206m03,10017
200819425,3,x206m03,10019
635321764,2,x206m03,10021
161368373,2,x206m03,10023
207396671,3,x206m03,10025
181401670,2,x206m03,10027
165078405,2,x206m03,10029
343949477,3,x206m03,10031
280241092,2,x206m03,10017
466442376,2,x206m03,10019
180612531,2,x206m03,10021
583141367,1,x206m03,10023
742776667,3,x206m03,10025
978977382,1,x206m03,10027
638310726,2,x206m03,10029
979484151,2,x206m03,10031
773845741,3,x206m03,10017
380531037,1,x206m03,10019
534779088,2,x206m03,10021
443623768,2,x206m03,10023
971416074,2,x206m03,10025
851421760,1,x206m03,10027
933659831,3,x206m03,10029
751857799,3,x206m03,10031
395614062,1,x206m03,10017
275269220,2,x206m03,10019
341459629,3,x206m03,10021
921668512,1,x206m03,10023
800919220,3,x206m03,10025
414042332,2,x206m03,10027
867504812,1,x206m03,10029
669565460,3,x206m03,10031
379832179,3,x206m03,10017
12942428,1,x206m03,10019
361266543,2,x206m03,10021
729599853,2,x206m03,10023
628479886,2,x206m03,10025
774349120,1,x206m03,10027
940949366,1,x206m03,10029
905832137,1,x206m03,10031
975845023,2,x206m03,10017
864356653,2,x206m03,10019
389691227,3,x206m03,10021
740116571,1,x206m03,10023
446024950,2,x206m03,10025
340519099,3,x206m03,10027
811998052,3,x206m03,10029
143181165,1,x206m03,10031
854826260,1,x206m03,10017
445646809,2,x206m03,10019
192424857,1,x206m03,10021
779413843,3,x206m03,10023
257481762,2,x206m03,10025
490368688,2,x206m03,10027
724082581,2,x206m03,10029
335109847,2,x206m03,10031
412665312,2,x206m03,10017
744486295,1,x206m03,10019
936738425,2,x206m03,10021
648034859,2,x206m03,10023
488165453,1,x206m03,10025
328456600,1,x206m03,10027
491481171,1,x206m03,10029
842847950,3,x206m03,10031
830738250,3,x206m03,10017
330361068,1,x206m03,10019
448366500,2,x206m03,10021
993313548,2,x206m03,10023
77870099,2,x206m03,10025
370569965,1,x206m03,10027
691100721,3,x206m03,10029
83459907,2,x206m03,10031
576141425,1,x206m03,10017
240974728,3,x206m03,10019
901723090,1,x206m03,10021
787467940,3,x206m03,10023
533665636,3,x206m03,10025
340539028,3,x206m03,10027
270875796,1,x206m03,10029
770454408,3,x206m03,10031
282646008,2,x206m03,10017
786215387,1,x206m03,10019
193228905,1,x206m03,10021
44658848,3,x206m03,10023
398283570,1,x206m03,10025
568507560,3,x206m03,10027
789756333,2,x206m03,10029
724082581,3,x206m03,10031
404075073,1,x206m03,10017
261802271,1,x206m03,10019
343142641,3,x206m03,10021
918249519,1,x206m03,10023
750541211,2,x206m03,10025
576142442,1,x206m03,10027
998919168,3,x206m03,10029
933370361,1,x206m03,10031
48963685,2,x206m03,10017
14112028,1,x206m03,10019
944684015,3,x206m03,10021
172587030,1,x206m03,10023
915126734,1,x206m03,10025
113850802,3,x206m03,10027
678637847,2,x206m03,10029
282963587,1,x206m03,10031
146028575,3,x206m03,10017
572309689,1,x206m03,10019
626460986,3,x206m03,10021
34218839,2,x206m03,10023
865090824,1,x206m03,10025
457771996,3,x206m03,10027
420566745,3,x206m03,10029
487197302,3,x206m03,10031
255363132,2,x206m03,10017
586140209,3,x206m03,10019
255633450,3,x206m03,10021
676361622,1,x206m03,10023
542279428,2,x206m03,10025
807869112,3,x206m03,10027
165951553,2,x206m03,10029
178328612,1,x206m03,10031
836704094,1,x206m03,10017
191512666,3,x206m03,10019
313864156,3,x206m03,10021
122401544,2,x206m03,10023
561611192,3,x206m03,10025
692395410,1,x206m03,10027
317500738,1,x206m03,10029
176853648,2,x206m03,10031
466310242,3,x206m03,10017
919511692,1,x206m03,10019
493288577,3,x206m03,10021
799926073,3,x206m03,10023
927012318,2,x206m03,10025
711995790,3,x206m03,10027
379175697,2,x206m03,10029
257841166,1,x206m03,10031
630457289,3,x206m03,10017
600262037,2,x206m03,10019
719051645,1,x206m03,10021
845340082,2,x206m03,10023
175685709,3,x206m03,10025
628519505,3,x206m03,10027
315846690,3,x206m03,10029
149101622,2,x206m03,10031
844815551,2,x206m03,10017
492529764,2,x206m03,10019
639364941,3,x206m03,10021
303136038,3,x206m03,10023
304216144,2,x206m03,10025
695188807,3,x206m03,10027
124449377,2,x206m03,10029
272962308,1,x206m03,10031
202749209,3,x206m03,10017
988480141,2,x206m03,10019
511502917,3,x206m03,10021
665414352,3,x206m03,10023
152262984,2,x206m03,10025
706640294,1,x206m03,10027
128274132,3,x206m03,10029
369488177,2,x206m03,10031
340759191,2,x206m03,10017
250785293,2,x206m03,10019
128111106,3,x206m03,10021
359771556,3,x206m03,10023
550997970,3,x206m03,10025
57875945,1,x206m03,10027
833090111,3,x206m03,10029
726971293,3,x206m03,10031
207396671,3,x206m03,10017
869675461,1,x206m03,10019
55647909,3,x206m03,10021
279696459,2,x206m03,10023
126937043,1,x206m03,10025
666551938,1,x206m03,10027
907110724,2,x206m03,10029
731873803,2,x206m03,10031
784221855,3,x206m03,10017
611353742,1,x206m03,10019
349541823,3,x206m03,10021
821003451,1,x206m03,10023
549295906,3,x206m03,10025
501955690,3,x206m03,10027
606711473,3,x206m03,10029
853791855,3,x206m03,10031
551939661,1,x206m03,10017
360444106,2,x206m03,10019
839642830,1,x206m03,10021
277874270,3,x206m03,10023
733099080,2,x206m03,10025
243937884,3,x206m03,10027
211531242,1,x206m03,10029
841065582,3,x206m03,10031
390882051,2,x206m03,10017
505472430,2,x206m03,10019
427202793,3,x206m03,10021
385765726,2,x206m03,10023
663366944,2,x206m03,10025
943893437,2,x206m03,10027
172636482,2,x206m03,10029
853512421,3,x206m03,10031
991565505,3,x206m03,10017
939744726,2,x206m03,10019
241010786,3,x206m03,10021
919958539,1,x206m03,10023
744431041,1,x206m03,10025
102288391,1,x206m03,10027
856893364,3,x206m03,10029
329440457,2,x206m03,10031
625646527,1,x206m03,10017
530431949,3,x206m03,10019
166827018,3,x206m03,10021
389822350,2,x206m03,10023
529223094,3,x206m03,10025
694255000,2,x206m03,10027
554158398,1,x206m03,10029
137062836,1,x206m03,10031
979705835,2,x206m03,10017
181899322,1,x206m03,10019
606711473,1,x206m03,10021
464391922,2,x206m03,10023
289997920,1,x206m03,10025
988799269,3,x206m03,10027
771859393,3,x206m03,10029
680665216,1,x206m03,10031
870692468,3,x206m03,10017
276044415,1,x206m03,10019
375253581,1,x206m03,10021
938397731,1,x206m03,10023
870944518,1,x206m03,10025
559503859,1,x206m03,10027
687922812,3,x206m03,10029
136561222,1,x206m03,10031
639594188,3,x206m03,10017
672684279,3,x206m03,10019
208551134,2,x206m03,10021
783438056,2,x206m03,10023
696160504,1,x206m03,10025
599133259,1,x206m03,10027
718730594,3,x206m03,10029
406377846,3,x206m03,10031
684309260,3,x206m03,10017
980287137,3,x206m03,10019
747110107,3,x206m03,10021
896726591,1,x206m03,10023
820656065,2,x206m03,10025
419143670,3,x206m03,10027
204484268,3,x206m03,10029
777527039,2,x206m03,10031
313864156,2,x206m03,10017
100607663,1,x206m03,10019
949662472,1,x206m03,10021
338631138,3,x206m03,10023
271589903,2,x206m03,10025
808206515,2,x206m03,10027
410985287,1,x206m03,10029
262670794,1,x206m03,10031
583940919,1,x206m03,10017
72798396,2,x206m03,10019
762228167,1,x206m03,10021
30851859,3,x206m03,10023
323703802,2,x206m03,10025
959765530,2,x206m03,10027
918996842,3,x206m03,10029
27007085,2,x206m03,10031
923296041,1,x206m03,10017
225591187,2,x206m03,10019
775772805,1,x206m03,10021
989497459,1,x206m03,10023
270199457,3,x206m03,10025
668624127,2,x206m03,10027
72020863,2,x206m03,10029
513493572,2,x206m03,10031
705540286,3,x206m03,10017
594335259,1,x206m03,10019
701199428,1,x206m03,10021
376723703,3,x206m03,10023
450579889,3,x206m03,10025
908073338,3,x206m03,10027
770454408,3,x206m03,10029
529669881,3,x206m03,10031
858609202,3,x206m03,10017
911238457,3,x206m03,10019
308948702,1,x206m03,10021
843480378,1,x206m03,10023
482017083,1,x206m03,10025
933897270,1,x206m03,10027
585546900,3,x206m03,10029
413667851,1,x206m03,10031
373800086,2,x206m03,10017
393944048,3,x206m03,10019
629249833,2,x206m03,10021
471219091,2,x206m03,10023
73946051,1,x206m03,10025
613751895,1,x206m03,10027
115185771,1,x206m03,10029
916096396,3,x206m03,10031
208551134,2,x206m03,10017
149678664,2,x206m03,10019
331012517,2,x206m03,10021
839681933,2,x206m03,10023
334073805,2,x206m03,10025
417289940,3,x206m03,10027
214979857,2,x206m03,10029
870772150,1,x206m03,10031
577765385,2,x206m03,10017
280958324,1,x206m03,10019
997370512,1,x206m03,10021
529101400,2,x206m03,10023
319295907,3,x206m03,10025
266921589,1,x206m03,10027
855378149,2,x206m03,10029
653331341,1,x206m03,10031
764451265,1,x206m03,10017
600602435,1,x206m03,10019
759693557,1,x206m03,10021
10034696,1,x206m03,10023
302865959,2,x206m03,10025
37040526,1,x206m03,10027
410985287,2,x206m03,10029
851341374,2,x206m03,10031
863519513,2,x206m03,10017
496525786,1,x206m03,10019
764871612,3,x206m03,10021
336488554,1,x206m03,10023
700847215,3,x206m03,10025
901387589,2,x206m03,10027
544349355,2,x206m03,10029
311694478,3,x206m03,10031
69833628,1,x206m03,10017
692338284,2,x206m03,10019
843254833,2,x206m03,10021
161998092,1,x206m03,10023
250279362,2,x206m03,10025
418483731,3,x206m03,10027
126131559,2,x206m03,10029
488249538,1,x206m03,10031
468210750,1,x206m03,10017
219532189,2,x206m03,10019
905679827,3,x206m03,10021
572659240,3,x206m03,10023
796735643,1,x206m03,10025
407728955,3,x206m03,10027
207130198,2,x206m03,10029
788914469,2,x206m03,10031
376723703,3,x206m03,10017
221778091,3,x206m03,10019
714985310,2,x206m03,10021
908804490,2,x206m03,10023
824144893,3,x206m03,10025
105244299,2,x206m03,10027
596231156,1,x206m03,10029
458593730,1,x206m03,10031
505676268,3,x206m03,10017
866090277,3,x206m03,10019
477922147,3,x206m03,10021
895093864,1,x206m03,10023
263350258,2,x206m03,10025
462965821,1,x206m03,10027
727450674,2,x206m03,10029
353863701,1,x206m03,10031
501435710,1,x206m03,10017
828534571,3,x206m03,10019
234822264,3,x206m03,10021
721726317,3,x206m03,10023
333423523,1,x206m03,10025
930293388,3,x206m03,10027
665584654,1,x206m03,10029
424476668,3,x206m03,10031
574854142,1,x206m03,10017
924698153,1,x206m03,10019
849731076,1,x206m03,10021
802512164,1,x206m03,10023
176950251,1,x206m03,10025
409793719,1,x206m03,10027
679627807,1,x206m03,10029
493345286,3,x206m03,10031
149678664,2,x206m03,10017
514781001,2,x206m03,10019
399983363,3,x206m03,10021
57185854,3,x206m03,10023
511016120,2,x206m03,10025
841156485,2,x206m03,10027
125356408,2,x206m03,10029
600922739,1,x206m03,10031
771859393,1,x206m03,10017
336960879,1,x206m03,10019
124233100,1,x206m03,10021
329164405,2,x206m03,10023
830734414,3,x206m03,10025
240888223,2,x206m03,10027
669893721,3,x206m03,10029
985637448,2,x206m03,10031
951789929,1,x206m03,10017
302964652,2,x206m03,10019
560127635,3,x206m03,10021
609155851,2,x206m03,10023
240888223,1,x206m03,10025
755926611,2,x206m03,10027
489554078,3,x206m03,10029
463182556,3,x206m03,10031
895470753,3,x206m03,10017
149101622,3,x206m03,10019
992737554,2,x206m03,10021
167455416,2,x206m03,10023
346562709,3,x206m03,10025
473784448,3,x206m03,10027
136402695,1,x206m03,10029
859402941,1,x206m03,10031
640762471,2,x206m03,10017
495920757,1,x206m03,10019
376723703,3,x206m03,10021
953053435,2,x206m03,10023
135136999,1,x206m03,10025
694581521,2,x206m03,10027
395315168,2,x206m03,10029
913956589,3,x206m03,10031
59108809,1,x206m03,10017
69166629,1,x206m03,10019
278923018,3,x206m03,10021
361089616,2,x206m03,10023
934638450,1,x206m03,10025
190393137,2,x206m03,10027
923296041,1,x206m03,10029
889519449,1,x206m03,10031
769364170,1,x206m03,10017
543741407,2,x206m03,10019
197124041,3,x206m03,10021
692074523,3,x206m03,10023
839119342,1,x206m03,10025
520168934,1,x206m03,10027
897067582,2,x206m03,10029
472955570,3,x206m03,10031
999721820,2,x206m03,10017
315699806,1,x206m03,10019
100768535,3,x206m03,10021
712395106,3,x206m03,10023
194874595,2,x206m03,10025
981368844,3,x206m03,10027
369555391,3,x206m03,10029
599007751,3,x206m03,10031
554324560,1,x206m03,10017
743176895,1,x206m03,10019
189169118,2,x206m03,10021
908071313,3,x206m03,10023
360999253,1,x206m03,10025
192488807,1,x206m03,10027
322964282,3,x206m03,10029
140044929,2,x206m03,10031
718494131,1,x206m03,10017
121557438,2,x206m03,10019
517015912,3,x206m03,10021
991996129,1,x206m03,10023
942073250,2,x206m03,10025
931977301,3,x206m03,10027
560127635,1,x206m03,10029
330998274,2,x206m03,10031
441522526,1,x206m03,10017
261802271,1,x206m03,10019
395627468,3,x206m03,10021
447146439,2,x206m03,10023
605012720,2,x206m03,10025
909425013,2,x206m03,10027
514178487,3,x206m03,10029
44829104,2,x206m03,10031
763998323,2,x206m03,10017
726212233,3,x206m03,10019
398616912,1,x206m03,10021
471554736,1,x206m03,10023
563074853,3,x206m03,10025
835210738,3,x206m03,10027
920907637,2,x206m03,10029
12216269,2,x206m03,10031
604112393,2,x206m03,10017
83022451,2,x206m03,10019
349073825,1,x206m03,10021
689845502,2,x206m03,10023
598933721,2,x206m03,10025
540152480,3,x206m03,10027
189383574,1,x206m03,10029
948968139,3,x206m03,10031
526163420,2,x206m03,10017
855933882,2,x206m03,10019
757182083,2,x206m03,10021
822989266,2,x206m03,10023
807869112,3,x206m03,10025
530795414,2,x206m03,10027
586242435,3,x206m03,10029
659536728,3,x206m03,10031
191564041,3,x206m03,10017
42953869,1,x206m03,10019
538518033,3,x206m03,10021
732802986,3,x206m03,10023
473784448,3,x206m03,10025
450724065,1,x206m03,10027
702939290,3,x206m03,10029
685003945,2,x206m03,10031
321497544,2,x206m03,10017
982181922,3,x206m03,10019
510679534,2,x206m03,10021
885349782,1,x206m03,10023
601459063,1,x206m03,10025
269774615,2,x206m03,10027
656072911,2,x206m03,10029
558647964,3,x206m03,10031
427279065,2,x206m03,10017
170529407,3,x206m03,10019
670322888,3,x206m03,10021
751857799,2,x206m03,10023
454425591,2,x206m03,10025
415066287,1,x206m03,10027
364400726,1,x206m03,10029
218869199,2,x206m03,10031
715045524,2,x206m03,10017
798075751,3,x206m03,10019
662333813,2,x206m03,10021
378865653,1,x206m03,10023
556530982,2,x206m03,10025
527184434,1,x206m03,10027
999968333,3,x206m03,10029
376204233,3,x206m03,10031
879336151,2,x206m03,10017
797985076,2,x206m03,10019
556459096,1,x206m03,10021
848990858,2,x206m03,10023
166827018,2,x206m03,10025
16473694,1,x206m03,10027
224964335,2,x206m03,10029
590351419,2,x206m03,10031
963079427,1,x206m03,10017
477777489,3,x206m03,10019
670498092,1,x206m03,10021
808815080,2,x206m03,10023
449403417,1,x206m03,10025
962162521,1,x206m03,10027
931079893,2,x206m03,10029
535727401,3,x206m03,10031
251524105,3,x206m03,10017
227811111,2,x206m03,10019
552220348,2,x206m03,10021
574287366,1,x206m03,10023
176907662,3,x206m03,10025
164814278,1,x206m03,10027
896528463,1,x206m03,10029
326203103,2,x206m03,10031
660573543,2,x206m03,10017
222619266,2,x206m03,10019
599007751,3,x206m03,10021
704450751,2,x206m03,10023
560275134,1,x206m03,10025
160248686,3,x206m03,10027
534250684,1,x206m03,10029
297365163,2,x206m03,10031
665041767,1,x206m03,10017
322760840,1,x206m03,10019
165226700,3,x206m03,10021
747518259,2,x206m03,10023
591824238,3,x206m03,10025
325109015,3,x206m03,10027
956752964,3,x206m03,10029
529669881,3,x206m03,10031
414765395,3,x206m03,10017
318743654,1,x206m03,10019
177021961,3,x206m03,10021
837235126,1,x206m03,10023
749818765,3,x206m03,10025
545201101,2,x206m03,10027
938036437,2,x206m03,10029
101537040,1,x206m03,10031
781804054,1,x206m03,10017
122618591,1,x206m03,10019
609765615,1,x206m03,10021
325109015,3,x206m03,10023
543541403,2,x206m03,10025
119551105,1,x206m03,10027
545924736,1,x206m03,10029
534287752,2,x206m03,10031
223521433,2,x206m03,10017
519073265,1,x206m03,10019
576875504,2,x206m03,10021
900192101,3,x206m03,10023
831301923,3,x206m03,10025
143397747,3,x206m03,10027
695978926,1,x206m03,10029
839681933,1,x206m03,10031
475180884,1,x206m03,10017
721622859,2,x206m03,10019
125938778,2,x206m03,10021
130371911,3,x206m03,10023
295484597,1,x206m03,10025
100607663,2,x206m03,10027
495131547,2,x206m03,10029
807458758,1,x206m03,10031
173648031,1,x206m03,10017
781804054,1,x206m03,10019
341965237,2,x206m03,10021
719883564,2,x206m03,10023
491991310,1,x206m03,10025
659087156,3,x206m03,10027
676823289,2,x206m03,10029
30593357,1,x206m03,10031
275043459,3,x206m03,10017
988052212,1,x206m03,10019
195318554,1,x206m03,10021
823454455,2,x206m03,10023
309914564,3,x206m03,10025
606518839,2,x206m03,10027
135397865,3,x206m03,10029
872054244,2,x206m03,10031
656106442,3,x206m03,10017
518740480,1,x206m03,10019
561096409,1,x206m03,10021
872114092,1,x206m03,10023
358299222,2,x206m03,10025
893646268,1,x206m03,10027
228599455,3,x206m03,10029
238313020,1,x206m03,10031
600655461,2,x206m03,10017
400565880,2,x206m03,10019
44672257,1,x206m03,10021
198028662,3,x206m03,10023
404981525,2,x206m03,10025
270264775,2,x206m03,10027
511114515,3,x206m03,10029
331039908,1,x206m03,10031
476076771,3,x206m03,10017
300999177,1,x206m03,10019
673161876,2,x206m03,10021
727352993,2,x206m03,10023
142285707,3,x206m03,10025
751892362,3,x206m03,10027
173648031,3,x206m03,10029
180700046,1,x206m03,10031
312115046,2,x206m03,10017
379832179,2,x206m03,10019
136724372,1,x206m03,10021
290330215,1,x206m03,10023
134347171,2,x206m03,10025
754206303,3,x206m03,10027
478078687,3,x206m03,10029
320609734,3,x206m03,10031
203923553,2,x206m03,10017
638310726,1,x206m03,10019
159027962,3,x206m03,10021
973244001,3,x206m03,10023
408013057,2,x206m03,10025
576875504,3,x206m03,10027
837812071,1,x206m03,10029
569295951,3,x206m03,10031
804799826,2,x206m03,10017
229059447,2,x206m03,10019
311694478,1,x206m03,10021
382625941,3,x206m03,10023
801367334,1,x206m03,10025
503984998,3,x206m03,10027
857551291,3,x206m03,10029
592840332,1,x206m03,10031
270350861,3,x206m03,10017
130204799,2,x206m03,10019
660535200,3,x206m03,10021
659275988,2,x206m03,10023
515876341,1,x206m03,10025
800715766,3,x206m03,10027
182226231,2,x206m03,10029
826467248,2,x206m03,10031
421833265,2,x206m03,10017
262830036,3,x206m03,10019
724698071,3,x206m03,10021
711674049,2,x206m03,10023
939253844,2,x206m03,10025
817739455,2,x206m03,10027
408273752,2,x206m03,10029
971660289,1,x206m03,10031
297583736,1,x206m03,10017
94002869,3,x206m03,10019
180657562,2,x206m03,10021
489779980,3,x206m03,10023
112487346,2,x206m03,10025
551724578,2,x206m03,10027
675589262,3,x206m03,10029
659840833,3,x206m03,10031
260937798,3,x206m03,10017
675191583,1,x206m03,10019
902036085,3,x206m03,10021
603763642,1,x206m03,10023
865537913,2,x206m03,10025
679885891,1,x206m03,10027
773666626,3,x206m03,10029
209992270,1,x206m03,10031
825902833,3,x206m03,10017
557030910,2,x206m03,10019
808941014,2,x206m03,10021
412952489,2,x206m03,10023
263350258,3,x206m03,10025
818811388,1,x206m03,10027
838623459,1,x206m03,10029
314742517,2,x206m03,10031
545245436,2,x206m03,10017
957138050,3,x206m03,10019
591180816,3,x206m03,10021
565959248,1,x206m03,10023
466736663,2,x206m03,10025
768815644,2,x206m03,10027
722636932,3,x206m03,10029
574826443,3,x206m03,10031
501132781,1,x206m03,10017
264335390,3,x206m03,10019
712395106,2,x206m03,10021
731460955,2,x206m03,10023
748441237,3,x206m03,10025
978242007,3,x206m03,10027
296979129,1,x206m03,10029
740147942,3,x206m03,10031
912314647,2,x206m03,10017
101537040,1,x206m03,10019
889933701,1,x206m03,10021
251154816,2,x206m03,10023
256321633,2,x206m03,10025
303209036,2,x206m03,10027
51965664,2,x206m03,10029
409661939,2,x206m03,10031
770271418,1,x206m03,10017
990816301,3,x206m03,10019
920035769,1,x206m03,10021
756859232,1,x206m03,10023
809000532,3,x206m03,10025
981584012,1,x206m03,10027
866813670,2,x206m03,10029
167666624,3,x206m03,10031
726577087,2,x206m03,10017
742744099,3,x206m03,10019
777876397,3,x206m03,10021
27007085,2,x206m03,10023
967567106,1,x206m03,10025
552095465,3,x206m03,10027
479246723,2,x206m03,10029
635321764,1,x206m03,10031
894458445,2,x206m03,10017
432182397,1,x206m03,10019
159737145,3,x206m03,10021
790557839,1,x206m03,10023
402670540,3,x206m03,10025
928419260,2,x206m03,10027
797558260,2,x206m03,10029
698115669,3,x206m03,10031
890758238,2,x206m03,10017
171713748,1,x206m03,10019
586097845,3,x206m03,10021
154230022,2,x206m03,10023
871794398,1,x206m03,10025
709956716,3,x206m03,10027
719356207,3,x206m03,10029
193883424,1,x206m03,10031
496564015,2,x206m03,10017
412925783,3,x206m03,10019
610683278,3,x206m03,10021
296979129,3,x206m03,10023
191022112,3,x206m03,10025
351701493,1,x206m03,10027
963168753,1,x206m03,10029
568943570,1,x206m03,10031
120594935,1,x206m03,10017
487032026,3,x206m03,10019
431702600,2,x206m03,10021
469531001,1,x206m03,10023
300961853,1,x206m03,10025
551855290,2,x206m03,10027
242013925,3,x206m03,10029
886380064,2,x206m03,10031
908073338,3,x206m03,10017
732741932,3,x206m03,10019
574285500,3,x206m03,10021
912772330,3,x206m03,10023
597389162,3,x206m03,10025
871187194,3,x206m03,10027
779810421,2,x206m03,10029
389906130,3,x206m03,10031
285344129,3,x206m03,10017
651887730,3,x206m03,10019
489825033,1,x206m03,10021
262830036,3,x206m03,10023
447094576,2,x206m03,10025
791914522,2,x206m03,10027
546292786,3,x206m03,10029
872868408,2,x206m03,10031
121080579,2,x206m03,10017
854072253,1,x206m03,10019
338757078,2,x206m03,10021
961302983,3,x206m03,10023
747110107,2,x206m03,10025
154509881,1,x206m03,10027
890375817,2,x206m03,10029
838897889,2,x206m03,10031
407532985,2,x206m03,10017
751892362,2,x206m03,10019
209997574,1,x206m03,10021
596126603,2,x206m03,10023
350735461,3,x206m03,10025
927587907,1,x206m03,10027
490501952,2,x206m03,10029
633928297,2,x206m03,10031
895616922,2,x206m03,10017
729539756,3,x206m03,10019
384779040,1,x206m03,10021
916504128,2,x206m03,10023
475783035,3,x206m03,10025
931776189,2,x206m03,10027
86355649,2,x206m03,10029
39347354,1,x206m03,10031
133670809,2,x206m03,10017
214160894,3,x206m03,10019
224701909,1,x206m03,10021
728506094,3,x206m03,10023
791505032,2,x206m03,10025
83442055,3,x206m03,10027
950828588,3,x206m03,10029
571406331,1,x206m03,10031
15625073,3,x206m03,10017
598085443,1,x206m03,10019
966068227,3,x206m03,10021
441085454,3,x206m03,10023
697242955,1,x206m03,10025
978476530,3,x206m03,10027
624973096,2,x206m03,10029
263260674,2,x206m03,10031
535308314,1,x206m03,10017
830312776,3,x206m03,10019
155109048,3,x206m03,10021
786043592,3,x206m03,10023
327997888,1,x206m03,10025
843480378,2,x206m03,10027
872853978,2,x206m03,10029
822415034,1,x206m03,10031
943893437,3,x206m03,10017
676943552,3,x206m03,10019
380531037,2,x206m03,10021
350913142,1,x206m03,10023
593331859,3,x206m03,10025
883764605,2,x206m03,10027
565959248,3,x206m03,10029
439632273,3,x206m03,10031
951992162,1,x206m03,10017
531516410,1,x206m03,10019
830494791,2,x206m03,10021
770590527,2,x206m03,10023
942645855,3,x206m03,10025
685213242,2,x206m03,10027
588154130,3,x206m03,10029
954391447,2,x206m03,10031
11280520,2,x206m03,10017
178356609,3,x206m03,10019
643824324,1,x206m03,10021
526163420,2,x206m03,10023
952712982,1,x206m03,10025
113850802,3,x206m03,10027
930435791,2,x206m03,10029
303030403,2,x206m03,10031
176907662,3,x206m03,10017
551562327,1,x206m03,10019
765279117,1,x206m03,10021
990816301,3,x206m03,10023
170957836,3,x206m03,10025
802103759,1,x206m03,10027
379993289,3,x206m03,10029
880796189,1,x206m03,10031
742574805,1,x206m03,10017
554561346,2,x206m03,10019
115104285,1,x206m03,10021
941010327,3,x206m03,10023
121063746,3,x206m03,10025
880606695,1,x206m03,10027
311135664,2,x206m03,10029
588154130,1,x206m03,10031
173144869,2,x206m03,10017
570045012,2,x206m03,10019
846032984,1,x206m03,10021
752399147,2,x206m03,10023
728966739,1,x206m03,10025
905695620,1,x206m03,10027
511081511,3,x206m03,10029
676943552,3,x206m03,10031
136402695,3,x206m03,10017
899704563,3,x206m03,10019
651195614,1,x206m03,10021
309050989,3,x206m03,10023
808941014,3,x206m03,10025
265016907,2,x206m03,10027
379175697,3,x206m03,10029
285093809,1,x206m03,10031
843458323,3,x206m03,10017
916832220,1,x206m03,10019
727155620,1,x206m03,10021
276044415,1,x206m03,10023
745637430,2,x206m03,10025
37040526,2,x206m03,10027
224701909,3,x206m03,10029
559317278,3,x206m03,10031
195563705,2,x206m03,10017
962937645,1,x206m03,10019
886812989,3,x206m03,10021
475783035,1,x206m03,10023
977144700,1,x206m03,10025
885828230,1,x206m03,10027
757408053,3,x206m03,10029
679627807,3,x206m03,10031
180180735,1,x206m03,10017
297095150,3,x206m03,10019
737108687,1,x206m03,10021
70419276,3,x206m03,10023
579331064,2,x206m03,10025
114701145,2,x206m03,10027
417289940,1,x206m03,10029
598830663,2,x206m03,10031
478561117,1,x206m03,10017
904537796,2,x206m03,10019
706572064,2,x206m03,10021
112487346,3,x206m03,10023
601850328,3,x206m03,10025
227687749,2,x206m03,10027
164306144,2,x206m03,10029
934737011,1,x206m03,10031
868037447,3,x206m03,10017
163922260,3,x206m03,10019
351445388,3,x206m03,10021
414765395,1,x206m03,10023
349873822,3,x206m03,10025
233107927,1,x206m03,10027
757476620,1,x206m03,10029
717681703,3,x206m03,10031
780983167,2,x206m03,10017
925300326,1,x206m03,10019
714876961,2,x206m03,10021
359776328,3,x206m03,10023
848304344,3,x206m03,10025
419494459,2,x206m03,10027
475180884,1,x206m03,10029
641172098,3,x206m03,10031
919712269,1,x206m03,10017
517470146,1,x206m03,10019
936577727,3,x206m03,10021
153670565,1,x206m03,10023
410734505,3,x206m03,10025
738289277,1,x206m03,10027
552220348,3,x206m03,10029
914140860,2,x206m03,10031
520603018,1,x206m03,10017
12166602,2,x206m03,10019
766971253,1,x206m03,10021
623376615,1,x206m03,10023
506990553,3,x206m03,10025
896525176,1,x206m03,10027
501331870,3,x206m03,10029
257616856,1,x206m03,10031
815140335,3,x206m03,10017
349175278,3,x206m03,10019
214654475,2,x206m03,10021
929420755,2,x206m03,10023
717610171,2,x206m03,10025
662215007,2,x206m03,10027
775011315,2,x206m03,10029
737446622,1,x206m03,10031
344353185,1,x206m03,10017
190742312,3,x206m03,10019
717718052,2,x206m03,10021
230041926,3,x206m03,10023
391825128,2,x206m03,10025
696041930,1,x206m03,10027
243122513,2,x206m03,10029
678637847,2,x206m03,10031
656307844,1,x206m03,10017
179801455,3,x206m03,10019
768909393,1,x206m03,10021
482657907,3,x206m03,10023
578320786,3,x206m03,10025
538518033,2,x206m03,10027
577952522,3,x206m03,10029
371546664,1,x206m03,10031
962162521,3,x206m03,10017
357204387,2,x206m03,10019
216668349,1,x206m03,10021
264413135,2,x206m03,10023
375068252,3,x206m03,10025
624006697,1,x206m03,10027
415555000,3,x206m03,10029
928786123,2,x206m03,10031
924194673,2,x206m03,10017
588347658,3,x206m03,10019
543541403,3,x206m03,10021
532814864,3,x206m03,10023
221778091,1,x206m03,10025
456760488,3,x206m03,10027
732809703,1,x206m03,10029
315600935,1,x206m03,10031
484408562,3,x206m03,10017
367006656,3,x206m03,10019
926078081,3,x206m03,10021
726971293,1,x206m03,10023
757632745,3,x206m03,10025
368785640,2,x206m03,10027
177021961,2,x206m03,10029
288742264,2,x206m03,10031
647734367,3,x206m03,10017
535669823,3,x206m03,10019
830467298,3,x206m03,10021
699811580,2,x206m03,10023
161519333,2,x206m03,10025
588265589,2,x206m03,10027
514781001,2,x206m03,10029
526851157,2,x206m03,10031
898610925,1,x206m03,10017
896204735,1,x206m03,10019
560870865,2,x206m03,10021
166115376,2,x206m03,10023
876422787,2,x206m03,10025
704902860,1,x206m03,10027
504018811,1,x206m03,10029
830494791,3,x206m03,10031
697242955,2,x206m03,10017
84120800,3,x206m03,10019
13323177,3,x206m03,10021
975850933,3,x206m03,10023
411738563,1,x206m03,10025
401861737,2,x206m03,10027
197110541,1,x206m03,10029
981584012,2,x206m03,10031
190439832,1,x206m03,10017
643074034,2,x206m03,10019
640134117,3,x206m03,10021
977368333,2,x206m03,10023
505791232,2,x206m03,10025
790450250,1,x206m03,10027
467491375,1,x206m03,10029
788914469,3,x206m03,10031
325543788,3,x206m03,10017
879501820,1,x206m03,10019
472775522,1,x206m03,10021
962837354,1,x206m03,10023
319055621,2,x206m03,10025
811305827,2,x206m03,10027
959713596,1,x206m03,10029
885276511,1,x206m03,10031
736431557,2,x206m03,10017
848643928,3,x206m03,10019
679923124,1,x206m03,10021
156263596,3,x206m03,10023
745769153,3,x206m03,10025
732108902,1,x206m03,10027
245491087,2,x206m03,10029
386263251,3,x206m03,10031
111384434,3,x206m03,10017
441867677,1,x206m03,10019
115226384,3,x206m03,10021
280390486,2,x206m03,10023
950518604,2,x206m03,10025
894254230,2,x206m03,10027
566059241,2,x206m03,10029
460459220,2,x206m03,10031
203331766,3,x206m03,10017
487915150,2,x206m03,10019
48692286,2,x206m03,10021
268503339,3,x206m03,10023
590343908,1,x206m03,10025
796086551,2,x206m03,10027
917786997,2,x206m03,10029
896204735,1,x206m03,10031
583421041,3,x206m03,10017
581052246,3,x206m03,10019
27636523,3,x206m03,10021
155095606,2,x206m03,10023
780151567,2,x206m03,10025
104322553,2,x206m03,10027
27636523,3,x206m03,10029
980730267,3,x206m03,10031
314009828,1,x206m03,10017
626139492,3,x206m03,10019
656106442,3,x206m03,10021
132179651,3,x206m03,10023
510679534,3,x206m03,10025
879075929,2,x206m03,10027
376204233,3,x206m03,10029
319426570,3,x206m03,10031
12834932,2,x206m03,10017
174486752,2,x206m03,10019
662555638,2,x206m03,10021
61101671,1,x206m03,10023
586885007,3,x206m03,10025
182220625,1,x206m03,10027
931977301,1,x206m03,10029
786462377,2,x206m03,10031
98944055,3,x206m03,10017
453560456,2,x206m03,10019
719994017,2,x206m03,10021
843235364,3,x206m03,10023
659036584,3,x206m03,10025
366898426,3,x206m03,10027
246600090,2,x206m03,10029
713206838,2,x206m03,10031
966456165,1,x206m03,10017
721465998,1,x206m03,10019
64177028,3,x206m03,10021
211537139,3,x206m03,10023
937993862,2,x206m03,10025
484099042,2,x206m03,10027
755537301,1,x206m03,10029
547366621,1,x206m03,10031
173309910,3,x206m03,10017
678794146,2,x206m03,10019
704684330,1,x206m03,10021
399447442,3,x206m03,10023
562183982,3,x206m03,10025
665414352,3,x206m03,10027
15726971,2,x206m03,10029
834018696,1,x206m03,10031
279859814,2,x206m03,10017
724053944,1,x206m03,10019
994631618,3,x206m03,10021
972053816,3,x206m03,10023
696693999,2,x206m03,10025
265005669,1,x206m03,10027
818490516,3,x206m03,10029
925300326,1,x206m03,10031
744237288,1,x206m03,10017
856523527,2,x206m03,10019
912772330,2,x206m03,10021
142499414,1,x206m03,10023
747518259,1,x206m03,10025
769959472,1,x206m03,10027
47249438,3,x206m03,10029
133243790,2,x206m03,10031
873989931,1,x206m03,10017
180953390,2,x206m03,10019
575267980,2,x206m03,10021
997829705,3,x206m03,10023
254095826,1,x206m03,10025
99781041,1,x206m03,10027
589463029,3,x206m03,10029
297908019,1,x206m03,10031
964960837,2,x206m03,10017
429068482,3,x206m03,10019
384685407,2,x206m03,10021
405209109,1,x206m03,10023
523811938,3,x206m03,10025
361755395,2,x206m03,10027
692984102,3,x206m03,10029
617471732,2,x206m03,10031
140471930,3,x206m03,10017
764417926,1,x206m03,10019
939507203,2,x206m03,10021
113878620,2,x206m03,10023
268602416,3,x206m03,10025
571777009,2,x206m03,10027
134520227,2,x206m03,10029
996901772,1,x206m03,10031
673023798,2,x206m03,10017
192801886,3,x206m03,10019
500660640,1,x206m03,10021
926729833,2,x206m03,10023
801049708,1,x206m03,10025
558626310,1,x206m03,10027
538621681,1,x206m03,10029
36438871,1,x206m03,10031
114249234,1,x206m03,10017
88316296,2,x206m03,10019
512126139,3,x206m03,10021
659536728,1,x206m03,10023
733789034,3,x206m03,10025
451472532,1,x206m03,10027
953155489,1,x206m03,10029
510662552,3,x206m03,10031
609560714,3,x206m03,10017
434187427,3,x206m03,10019
518565344,3,x206m03,10021
261406812,1,x206m03,10023
956568951,1,x206m03,10025
950969962,2,x206m03,10027
832858381,2,x206m03,10029
229409866,1,x206m03,10031
908463918,3,x206m03,10017
202895139,1,x206m03,10019
772825859,2,x206m03,10021
900190072,3,x206m03,10023
133509248,3,x206m03,10025
901105431,1,x206m03,10027
477565286,3,x206m03,10029
963918061,3,x206m03,10031
665941374,1,x206m03,10017
819700092,2,x206m03,10019
660193694,1,x206m03,10021
382055049,2,x206m03,10023
419535858,2,x206m03,10025
677468606,2,x206m03,10027
424678036,3,x206m03,10029
481679773,3,x206m03,10031
146609954,2,x206m03,10017
807536371,3,x206m03,10019
258920249,3,x206m03,10021
403865894,3,x206m03,10023
695188807,2,x206m03,10025
236653592,1,x206m03,10027
909876127,3,x206m03,10029
966068227,1,x206m03,10031
259846788,3,x206m03,10017
937212893,2,x206m03,10019
238931626,2,x206m03,10021
345885336,3,x206m03,10023
311699753,2,x206m03,10025
458593730,1,x206m03,10027
869293856,3,x206m03,10029
221468377,2,x206m03,10031
540152480,2,x206m03,10017
226423058,3,x206m03,10019
925300326,1,x206m03,10021
919154236,1,x206m03,10023
836249694,3,x206m03,10025
71036110,1,x206m03,10027
706670070,3,x206m03,10029
504849854,3,x206m03,10031
696041930,2,x206m03,10017
449980987,2,x206m03,10019
407982511,1,x206m03,10021
603501222,2,x206m03,10023
393944048,3,x206m03,10025
847353708,1,x206m03,10027
327034491,1,x206m03,10029
114702709,2,x206m03,10031
892756446,3,x206m03,10017
467176212,2,x206m03,10019
458593730,1,x206m03,10021
248175758,1,x206m03,10023
662555638,2,x206m03,10025
830075447,2,x206m03,10027
332638877,3,x206m03,10029
299163526,2,x206m03,10031
871794398,3,x206m03,10017
622709349,1,x206m03,10019
921599933,1,x206m03,10021
45717929,2,x206m03,10023
648034565,2,x206m03,10025
493288577,3,x206m03,10027
172280676,2,x206m03,10029
257178067,2,x206m03,10031
646932545,1,x206m03,10017
152243698,1,x206m03,10019
151323798,3,x206m03,10021
48897961,1,x206m03,10023
181401670,3,x206m03,10025
175657659,1,x206m03,10027
804589891,1,x206m03,10029
394579047,3,x206m03,10031
521994894,2,x206m03,10017
395627468,2,x206m03,10019
102318087,3,x206m03,10021
524726815,1,x206m03,10023
980041483,1,x206m03,10025
811235219,1,x206m03,10027
42020547,2,x206m03,10029
399971015,2,x206m03,10031
444293510,3,x206m03,10017
749818765,1,x206m03,10019
308948702,1,x206m03,10021
450579889,2,x206m03,10023
834676952,1,x206m03,10025
643824324,1,x206m03,10027
686888628,2,x206m03,10029
535317419,3,x206m03,10031
45485172,3,x206m03,10017
908228334,2,x206m03,10019
774977181,2,x206m03,10021
310893104,3,x206m03,10023
603563971,2,x206m03,10025
649242490,1,x206m03,10027
219265190,3,x206m03,10029
812536352,2,x206m03,10031
737660636,3,x206m03,10017
869712028,2,x206m03,10019
963817010,3,x206m03,10021
36279860,3,x206m03,10023
179249059,1,x206m03,10025
125356408,1,x206m03,10027
774713686,1,x206m03,10029
672624853,3,x206m03,10031
266921589,2,x206m03,10017
239794551,1,x206m03,10019
642359176,2,x206m03,10021
286821654,1,x206m03,10023
769825427,1,x206m03,10025
525286499,3,x206m03,10027
599133259,1,x206m03,10029
773956954,3,x206m03,10031
465977854,3,x206m03,10017
743176895,2,x206m03,10019
860297010,3,x206m03,10021
766212793,2,x206m03,10023
17816912,2,x206m03,10025
472757853,2,x206m03,10027
146817077,3,x206m03,10029
926898733,1,x206m03,10031
532992999,3,x206m03,10017
288567761,3,x206m03,10019
214602199,1,x206m03,10021
213090175,3,x206m03,10023
741062806,3,x206m03,10025
34501974,3,x206m03,10027
580818884,3,x206m03,10029
764871612,1,x206m03,10031
770454408,2,x206m03,10017
184500209,1,x206m03,10019
79738695,1,x206m03,10021
600943053,3,x206m03,10023
502038784,2,x206m03,10025
574888257,2,x206m03,10027
194287542,2,x206m03,10029
388974911,2,x206m03,10031
945211811,3,x206m03,10017
349875098,3,x206m03,10019
550997970,2,x206m03,10021
565959248,1,x206m03,10023
970708708,1,x206m03,10025
901616850,3,x206m03,10027
350913142,2,x206m03,10029
394051625,2,x206m03,10031
880171579,1,x206m03,10017
899704563,2,x206m03,10019
239064330,1,x206m03,10021
568176293,3,x206m03,10023
574737966,2,x206m03,10025
695978926,1,x206m03,10027
212366792,1,x206m03,10029
228600532,3,x206m03,10031
84120800,3,x206m03,10017
72798396,2,x206m03,10019
338061051,1,x206m03,10021
626700360,1,x206m03,10023
243325819,2,x206m03,10025
943185966,3,x206m03,10027
440066401,1,x206m03,10029
708217816,3,x206m03,10031
996846914,3,x206m03,10017
109375927,2,x206m03,10019
753549315,3,x206m03,10021
353707213,1,x206m03,10023
721726317,3,x206m03,10025
277614986,2,x206m03,10027
287972741,2,x206m03,10029
379266031,1,x206m03,10031
400215165,1,x206m03,10017
933897270,1,x206m03,10019
248440178,1,x206m03,10021
311152538,2,x206m03,10023
485447371,3,x206m03,10025
183430950,3,x206m03,10027
632653560,3,x206m03,10029
551578347,2,x206m03,10031
119551105,1,x206m03,10017
207605700,3,x206m03,10019
855787008,1,x206m03,10021
115290432,1,x206m03,10023
466310242,2,x206m03,10025
851334866,3,x206m03,10027
558235833,1,x206m03,10029
675564233,3,x206m03,10031
922227399,1,x206m03,10017
554430970,1,x206m03,10019
850216437,3,x206m03,10021
748868572,3,x206m03,10023
883904461,3,x206m03,10025
380168867,2,x206m03,10027
766671244,3,x206m03,10029
451599785,3,x206m03,10031
323914412,3,x206m03,10017
601591971,3,x206m03,10019
218632605,3,x206m03,10021
135854865,1,x206m03,10023
994476223,1,x206m03,10025
80261971,2,x206m03,10027
243776847,2,x206m03,10029
609265202,3,x206m03,10031
745859123,1,x206m03,10017
451599785,2,x206m03,10019
792634582,3,x206m03,10021
214160894,3,x206m03,10023
894914813,3,x206m03,10025
101826404,2,x206m03,10027
500189364,1,x206m03,10029
327723817,2,x206m03,10031
533678646,1,x206m03,10017
502945825,3,x206m03,10019
309527372,1,x206m03,10021
236653592,2,x206m03,10023
366385992,2,x206m03,10025
227798282,1,x206m03,10027
181506255,3,x206m03,10029
155630857,3,x206m03,10031
368785640,1,x206m03,10017
345885336,2,x206m03,10019
251154816,3,x206m03,10021
33637902,3,x206m03,10023
245491087,2,x206m03,10025
18926756,2,x206m03,10027
740140488,3,x206m03,10029
980741453,3,x206m03,10031
863788086,3,x206m03,10017
891468686,1,x206m03,10019
737615043,3,x206m03,10021
696685615,1,x206m03,10023
239399398,1,x206m03,10025
626535178,2,x206m03,10027
286665649,3,x206m03,10029
578405758,3,x206m03,10031
870692468,1,x206m03,10017
440616461,3,x206m03,10019
938313671,1,x206m03,10021
583500484,1,x206m03,10023
375193084,2,x206m03,10025
141330714,1,x206m03,10027
308263661,2,x206m03,10029
627907660,3,x206m03,10031
765183534,1,x206m03,10017
975643615,3,x206m03,10019
53138432,1,x206m03,10021
195521153,3,x206m03,10023
896726591,1,x206m03,10025
385708760,3,x206m03,10027
121063746,3,x206m03,10029
245881305,3,x206m03,10031
513657966,3,x206m03,10017
782787028,3,x206m03,10019
369555391,3,x206m03,10021
483077251,3,x206m03,10023
870603637,3,x206m03,10025
104893271,2,x206m03,10027
219610702,2,x206m03,10029
39229670,2,x206m03,10031
199998297,2,x206m03,10017
774349120,2,x206m03,10019
520793853,1,x206m03,10021
902525372,1,x206m03,10023
965791710,2,x206m03,10025
432148162,2,x206m03,10027
533665636,3,x206m03,10029
489999707,2,x206m03,10031
730544005,3,x206m03,10017
196118431,2,x206m03,10019
207130198,2,x206m03,10021
854072253,1,x206m03,10023
199998297,3,x206m03,10025
41901977,2,x206m03,10027
468939876,2,x206m03,10029
849731076,2,x206m03,10031
943374834,1,x206m03,10017
417846085,3,x206m03,10019
897111915,2,x206m03,10021
590576075,3,x206m03,10023
153758000,1,x206m03,10025
896726591,1,x206m03,10027
963287068,1,x206m03,10029
225754807,3,x206m03,10031
966339858,2,x206m03,10017
990816301,1,x206m03,10019
596005150,1,x206m03,10021
136010897,2,x206m03,10023
672690953,1,x206m03,10025
834665174,2,x206m03,10027
966068227,1,x206m03,10029
349044540,1,x206m03,10031
349873822,3,x206m03,10017
74150910,3,x206m03,10019
892781728,2,x206m03,10021
309539141,1,x206m03,10023
153670565,2,x206m03,10025
121292295,3,x206m03,10027
773845741,1,x206m03,10029
163912269,2,x206m03,10031
374808131,1,x206m03,10017
458593730,3,x206m03,10019
273067897,2,x206m03,10021
991310742,1,x206m03,10023
271021996,3,x206m03,10025
531737745,1,x206m03,10027
116988594,3,x206m03,10029
226635613,2,x206m03,10031
823668500,1,x206m03,10017
551578347,1,x206m03,10019
502351837,2,x206m03,10021
675954760,3,x206m03,10023
114871623,2,x206m03,10025
388974911,3,x206m03,10027
254229477,2,x206m03,10029
829765925,3,x206m03,10031
457202627,2,x206m03,10017
990720680,2,x206m03,10019
147310007,3,x206m03,10021
855809233,3,x206m03,10023
432157482,3,x206m03,10025
465985918,1,x206m03,10027
209364591,1,x206m03,10029
67882915,1,x206m03,10031
552124872,3,x206m03,10017
660886955,1,x206m03,10019
858636615,3,x206m03,10021
300028482,1,x206m03,10023
428603115,2,x206m03,10025
900595752,1,x206m03,10027
788874447,1,x206m03,10029
162665311,3,x206m03,10031
437715416,1,x206m03,10017
273245154,2,x206m03,10019
286826877,2,x206m03,10021
955571613,3,x206m03,10023
128656002,2,x206m03,10025
614351239,3,x206m03,10027
952802815,2,x206m03,10029
288706332,2,x206m03,10031
639800270,1,x206m03,10017
535080825,3,x206m03,10019
742530282,1,x206m03,10021
278748640,3,x206m03,10023
731873803,3,x206m03,10025
573055582,1,x206m03,10027
108675574,2,x206m03,10029
327950228,3,x206m03,10031
379832179,2,x206m03,10017
862943207,2,x206m03,10019
110109720,3,x206m03,10021
841673021,3,x206m03,10023
80913374,3,x206m03,10025
245992533,2,x206m03,10027
469710327,2,x206m03,10029
266406197,1,x206m03,10031
209287803,1,x206m03,10017
292927840,1,x206m03,10019
316289229,1,x206m03,10021
802356100,1,x206m03,10023
47877035,2,x206m03,10025
617892381,2,x206m03,10027
770454408,2,x206m03,10029
996901772,3,x206m03,10031
192176808,3,x206m03,10017
953116657,1,x206m03,10019
31109688,2,x206m03,10021
999063705,2,x206m03,10023
771186194,1,x206m03,10025
888804018,2,x206m03,10027
915477348,1,x206m03,10029
557845896,3,x206m03,10031
551828601,3,x206m03,10017
692166676,2,x206m03,10019
146817077,1,x206m03,10021
202925393,1,x206m03,10023
675589262,3,x206m03,10025
56640986,1,x206m03,10027
810188090,1,x206m03,10029
752050947,2,x206m03,10031
337817293,3,x206m03,10017
566217054,3,x206m03,10019
964153307,2,x206m03,10021
124123621,2,x206m03,10023
621149784,2,x206m03,10025
932285513,3,x206m03,10027
571665487,2,x206m03,10029
639845626,1,x206m03,10031
712992889,1,x206m03,10017
344884333,1,x206m03,10019
787812862,1,x206m03,10021
558715472,1,x206m03,10023
467491375,2,x206m03,10025
338757078,2,x206m03,10027
36085119,1,x206m03,10029
481732680,1,x206m03,10031
460742826,2,x206m03,10017
721847233,1,x206m03,10019
364741897,1,x206m03,10021
962186093,2,x206m03,10023
189359310,3,x206m03,10025
488701411,3,x206m03,10027
57158787,3,x206m03,10029
241150699,3,x206m03,10031
245080865,3,x206m03,10017
808180224,3,x206m03,10019
820645116,1,x206m03,10021
376243946,2,x206m03,10023
551562327,2,x206m03,10025
55473371,2,x206m03,10027
175895439,2,x206m03,10029
183430950,1,x206m03,10031
946549606,2,x206m03,10017
459989979,2,x206m03,10019
567450860,3,x206m03,10021
272379114,3,x206m03,10023
556223671,2,x206m03,10025
846275334,2,x206m03,10027
389906130,3,x206m03,10029
136158663,3,x206m03,10031
972494084,1,x206m03,10017
397241683,1,x206m03,10019
226423058,1,x206m03,10021
223842541,2,x206m03,10023
287885817,3,x206m03,10025
114735421,2,x206m03,10027
225448594,1,x206m03,10029
779887352,2,x206m03,10031
263350258,3,x206m03,10017
697143337,1,x206m03,10019
910697327,1,x206m03,10021
787467940,2,x206m03,10023
402583500,3,x206m03,10025
832383361,1,x206m03,10027
886091516,1,x206m03,10029
158186617,2,x206m03,10031
311014470,3,x206m03,10017
738065504,2,x206m03,10019
363764072,1,x206m03,10021
774349120,1,x206m03,10023
689886721,1,x206m03,10025
141339904,3,x206m03,10027
271548388,1,x206m03,10029
931767612,1,x206m03,10031
843254833,2,x206m03,10017
121557438,1,x206m03,10019
624529198,3,x206m03,10021
335109847,3,x206m03,10023
918423326,1,x206m03,10025
926898733,3,x206m03,10027
828133370,3,x206m03,10029
794330685,2,x206m03,10031
219474549,3,x206m03,10017
885445066,2,x206m03,10019
260822926,1,x206m03,10021
593009216,2,x206m03,10023
519672509,1,x206m03,10025
588265589,3,x206m03,10027
892781728,2,x206m03,10029
268503339,1,x206m03,10031
908228334,2,x206m03,10017
579696787,1,x206m03,10019
233147259,2,x206m03,10021
57875945,2,x206m03,10023
455087632,3,x206m03,10025
975845023,2,x206m03,10027
718730594,1,x206m03,10029
824492979,2,x206m03,10031
177898102,3,x206m03,10017
774713686,2,x206m03,10019
913956589,3,x206m03,10021
362937788,3,x206m03,10023
488737702,1,x206m03,10025
380367026,2,x206m03,10027
121087201,2,x206m03,10029
186800046,2,x206m03,10031
714669641,1,x206m03,10017
779136609,1,x206m03,10019
146592023,1,x206m03,10021
993195859,3,x206m03,10023
375253581,2,x206m03,10025
181118825,1,x206m03,10027
399814445,1,x206m03,10029
21731210,3,x206m03,10031
767648857,2,x206m03,10017
242075911,3,x206m03,10019
363189321,3,x206m03,10021
207605700,3,x206m03,10023
518615583,2,x206m03,10025
757632745,2,x206m03,10027
676708676,1,x206m03,10029
625140202,3,x206m03,10031
370586678,2,x206m03,10017
451294600,3,x206m03,10019
163539168,3,x206m03,10021
758869362,1,x206m03,10023
435851470,1,x206m03,10025
731873502,3,x206m03,10027
169931518,1,x206m03,10029
698520912,3,x206m03,10031
708220852,3,x206m03,10017
814606162,2,x206m03,10019
401472579,1,x206m03,10021
497896870,2,x206m03,10023
126995208,1,x206m03,10025
388483573,2,x206m03,10027
259597647,3,x206m03,10029
885910812,3,x206m03,10031
187981479,3,x206m03,10017
268563296,2,x206m03,10019
710217099,1,x206m03,10021
207693048,3,x206m03,10023
311210706,1,x206m03,10025
924525103,2,x206m03,10027
752050947,1,x206m03,10029
210244637,1,x206m03,10031
718646151,1,x206m03,10017
956568951,2,x206m03,10019
112033731,1,x206m03,10021
495446696,3,x206m03,10023
447094576,1,x206m03,10025
800957258,2,x206m03,10027
755798627,1,x206m03,10029
981489099,2,x206m03,10031
869293856,2,x206m03,10017
598085443,3,x206m03,10019
144597319,1,x206m03,10021
166827018,3,x206m03,10023
846366944,2,x206m03,10025
255028436,1,x206m03,10027
732353223,3,x206m03,10029
693705851,1,x206m03,10031
476076771,3,x206m03,10017
874530657,2,x206m03,10019
777876397,3,x206m03,10021
668679178,3,x206m03,10023
282963587,1,x206m03,10025
225681590,3,x206m03,10027
231300153,1,x206m03,10029
800246274,3,x206m03,10031
764556594,1,x206m03,10017
114702709,3,x206m03,10019
119654201,1,x206m03,10021
724536207,2,x206m03,10023
774977181,3,x206m03,10025
99736722,2,x206m03,10027
454135007,3,x206m03,10029
924416471,2,x206m03,10031
906802806,2,x206m03,10017
757408053,3,x206m03,10019
659087156,1,x206m03,10021
421833265,3,x206m03,10023
49467561,2,x206m03,10025
195563705,1,x206m03,10027
571406331,1,x206m03,10029
963346538,3,x206m03,10031
921447986,1,x206m03,10017
778682750,2,x206m03,10019
927682636,1,x206m03,10021
656838739,1,x206m03,10023
537534741,3,x206m03,10025
83955608,1,x206m03,10027
628729070,1,x206m03,10029
615584359,3,x206m03,10031
90092275,1,x206m03,10017
122834031,3,x206m03,10019
221998004,3,x206m03,10021
161346325,2,x206m03,10023
883764605,3,x206m03,10025
269774615,3,x206m03,10027
115226384,2,x206m03,10029
818240862,2,x206m03,10031
294665696,1,x206m03,10017
417244153,2,x206m03,10019
434491328,2,x206m03,10021
251439732,3,x206m03,10023
987381596,1,x206m03,10025
770967289,2,x206m03,10027
503985336,1,x206m03,10029
304767060,2,x206m03,10031
496673391,3,x206m03,10017
18219268,3,x206m03,10019
768336314,2,x206m03,10021
334073805,3,x206m03,10023
197110541,3,x206m03,10025
98701733,2,x206m03,10027
932820495,1,x206m03,10029
181565540,3,x206m03,10031
996051567,2,x206m03,10017
227811111,2,x206m03,10019
188029252,3,x206m03,10021
140828274,1,x206m03,10023
563632895,1,x206m03,10025
160834866,2,x206m03,10027
584664256,3,x206m03,10029
223759459,2,x206m03,10031
835032394,3,x206m03,10017
451037380,1,x206m03,10019
622716603,1,x206m03,10021
382493498,2,x206m03,10023
609155851,2,x206m03,10025
10430003,1,x206m03,10027
157772267,3,x206m03,10029
567885848,2,x206m03,10031
234393362,3,x206m03,10017
807364581,2,x206m03,10019
276822072,3,x206m03,10021
589356425,3,x206m03,10023
943185966,3,x206m03,10025
457748211,2,x206m03,10027
909747262,1,x206m03,10029
982797860,2,x206m03,10031
801367334,3,x206m03,10017
284606291,3,x206m03,10019
729864316,2,x206m03,10021
451472532,1,x206m03,10023
184452581,2,x206m03,10025
126855959,2,x206m03,10027
853472586,3,x206m03,10029
758901118,2,x206m03,10031
170970780,2,x206m03,10017
445743961,3,x206m03,10019
656860984,3,x206m03,10021
26162758,3,x206m03,10023
582444694,3,x206m03,10025
237594346,1,x206m03,10027
432148162,1,x206m03,10029
311014470,1,x206m03,10031
443094944,3,x206m03,10017
877089113,1,x206m03,10019
322464907,1,x206m03,10021
518345024,3,x206m03,10023
55647909,3,x206m03,10025
650989390,3,x206m03,10027
27797552,3,x206m03,10029
462965821,3,x206m03,10031
226735421,3,x206m03,10017
617892381,2,x206m03,10019
953282037,3,x206m03,10021
228881894,1,x206m03,10023
811762968,3,x206m03,10025
382842873,1,x206m03,10027
727450674,1,x206m03,10029
784777079,1,x206m03,10031
691424137,1,x206m03,10017
654640075,1,x206m03,10019
529101400,3,x206m03,10021
447414502,3,x206m03,10023
796542964,3,x206m03,10025
719147008,3,x206m03,10027
518985011,1,x206m03,10029
620240791,2,x206m03,10031
509312322,3,x206m03,10017
55000273,2,x206m03,10019
14108711,1,x206m03,10021
135354616,3,x206m03,10023
611871212,1,x206m03,10025
212760558,3,x206m03,10027
675865863,1,x206m03,10029
870692468,3,x206m03,10031
429820382,1,x206m03,10017
726458630,1,x206m03,10019
226635613,1,x206m03,10021
993195859,3,x206m03,10023
682831638,3,x206m03,10025
529293803,1,x206m03,10027
724536207,2,x206m03,10029
679779099,3,x206m03,10031
998986606,1,x206m03,10017
821208416,2,x206m03,10019
429047276,3,x206m03,10021
205053824,2,x206m03,10023
848034913,1,x206m03,10025
513493572,3,x206m03,10027
275598038,3,x206m03,10029
521132306,2,x206m03,10031
873780811,1,x206m03,10017
756607099,2,x206m03,10019
334783176,3,x206m03,10021
813949086,3,x206m03,10023
11280520,1,x206m03,10025
518387004,2,x206m03,10027
664659631,1,x206m03,10029
365040722,1,x206m03,10031
770245989,3,x206m03,10017
742255671,1,x206m03,10019
734444828,1,x206m03,10021
172636482,1,x206m03,10023
672690953,2,x206m03,10025
531162512,3,x206m03,10027
211850265,3,x206m03,10029
979192184,1,x206m03,10031
658731509,3,x206m03,10017
303030403,3,x206m03,10019
944684015,1,x206m03,10021
342206032,3,x206m03,10023
621184213,1,x206m03,10025
131204261,3,x206m03,10027
226534050,3,x206m03,10029
517756264,2,x206m03,10031
571540030,2,x206m03,10017
401472579,1,x206m03,10019
50088925,3,x206m03,10021
265016907,3,x206m03,10023
468939876,2,x206m03,10025
950547659,1,x206m03,10027
221048034,1,x206m03,10029
556459096,1,x206m03,10031
571665487,2,x206m03,10017
875111322,1,x206m03,10019
955796012,3,x206m03,10021
649691864,1,x206m03,10023
45717929,3,x206m03,10025
211537139,3,x206m03,10027
73990652,1,x206m03,10029
982405644,1,x206m03,10031
687980119,1,x206m03,10017
471535488,2,x206m03,10019
270387842,1,x206m03,10021
83889397,2,x206m03,10023
312474651,3,x206m03,10025
176487899,2,x206m03,10027
21731210,1,x206m03,10029
585901433,2,x206m03,10031
232365242,1,x206m03,10017
349175278,3,x206m03,10019
866943411,3,x206m03,10021
176708757,2,x206m03,10023
465977854,3,x206m03,10025
622420423,2,x206m03,10027
243776847,1,x206m03,10029
577393017,2,x206m03,10031
939725586,1,x206m03,10017
540152480,1,x206m03,10019
973944703,1,x206m03,10021
329958346,1,x206m03,10023
483264992,2,x206m03,10025
643597158,3,x206m03,10027
843069077,3,x206m03,10029
575209232,3,x206m03,10031
586732537,1,x206m03,10017
905270173,1,x206m03,10019
473784448,2,x206m03,10021
80261971,1,x206m03,10023
457744101,1,x206m03,10025
195597129,1,x206m03,10027
304216144,1,x206m03,10029
113526611,2,x206m03,10031
766230617,3,x206m03,10017
429204540,1,x206m03,10019
376723703,3,x206m03,10021
402811382,3,x206m03,10023
27296455,1,x206m03,10025
473019655,1,x206m03,10027
513826448,3,x206m03,10029
180657562,3,x206m03,10031
894833417,2,x206m03,10017
177927917,1,x206m03,10019
311451701,1,x206m03,10021
868425531,1,x206m03,10023
344353185,3,x206m03,10025
908804490,2,x206m03,10027
144024281,3,x206m03,10029
377654704,1,x206m03,10031
609050937,2,x206m03,10017
469618922,3,x206m03,10019
955390718,2,x206m03,10021
226611025,3,x206m03,10023
686992021,1,x206m03,10025
847709120,2,x206m03,10027
258914869,3,x206m03,10029
855927938,3,x206m03,10031
571072017,1,x206m03,10017
246467203,3,x206m03,10019
575400014,2,x206m03,10021
374733576,1,x206m03,10023
577515581,2,x206m03,10025
592840332,1,x206m03,10027
815041789,2,x206m03,10029
802512164,1,x206m03,10031
426271032,2,x206m03,10017
148132750,1,x206m03,10019
639364941,1,x206m03,10021
752747698,2,x206m03,10023
402811382,1,x206m03,10025
779352847,3,x206m03,10027
676823289,2,x206m03,10029
897603900,1,x206m03,10031
74686789,2,x206m03,10017
500017328,3,x206m03,10019
274701757,1,x206m03,10021
100396497,1,x206m03,10023
591180816,1,x206m03,10025
865537913,3,x206m03,10027
778912681,1,x206m03,10029
261789134,1,x206m03,10031
903691932,2,x206m03,10017
778419122,3,x206m03,10019
152622514,3,x206m03,10021
895093864,1,x206m03,10023
779299674,1,x206m03,10025
764956766,1,x206m03,10027
168538973,2,x206m03,10029
851364765,2,x206m03,10031
379485372,3,x206m03,10017
917663482,3,x206m03,10019
959075508,1,x206m03,10021
160843492,1,x206m03,10023
729348912,2,x206m03,10025
615008042,1,x206m03,10027
738516357,2,x206m03,10029
627007929,1,x206m03,10031
539597424,3,x206m03,10017
512525895,2,x206m03,10019
562368855,3,x206m03,10021
852808508,3,x206m03,10023
789517472,2,x206m03,10025
901723090,3,x206m03,10027
848254659,2,x206m03,10029
975569656,3,x206m03,10031
227096792,1,x206m03,10017
191566345,3,x206m03,10019
404821390,3,x206m03,10021
893254000,3,x206m03,10023
899534474,2,x206m03,10025
901298137,2,x206m03,10027
571072017,1,x206m03,10029
754988689,2,x206m03,10031
552220348,3,x206m03,10017
434187427,2,x206m03,10019
331039908,2,x206m03,10021
646948866,2,x206m03,10023
841655596,3,x206m03,10025
252519624,2,x206m03,10027
438974231,1,x206m03,10029
109502332,3,x206m03,10031
366372977,3,x206m03,10017
804589891,3,x206m03,10019
395614062,2,x206m03,10021
173807183,3,x206m03,10023
821525984,1,x206m03,10025
885079950,1,x206m03,10027
147310007,2,x206m03,10029
523318649,1,x206m03,10031
800957258,1,x206m03,10017
405244018,3,x206m03,10019
784667404,3,x206m03,10021
288338550,2,x206m03,10023
789986868,3,x206m03,10025
716418261,1,x206m03,10027
915419932,2,x206m03,10029
29474594,1,x206m03,10031
924448057,3,x206m03,10017
691970039,1,x206m03,10019
815271119,3,x206m03,10021
876769124,3,x206m03,10023
329164405,1,x206m03,10025
740116571,2,x206m03,10027
569304379,1,x206m03,10029
391493370,3,x206m03,10031
399297671,2,x206m03,10017
917663482,3,x206m03,10019
712794765,2,x206m03,10021
613212144,3,x206m03,10023
71549678,2,x206m03,10025
654781870,3,x206m03,10027
446333814,2,x206m03,10029
893254000,1,x206m03,10031
895888996,3,x206m03,10017
179801455,1,x206m03,10019
857269976,2,x206m03,10021
166525865,1,x206m03,10023
784634644,2,x206m03,10025
122396507,1,x206m03,10027
213090175,1,x206m03,10029
282464836,2,x206m03,10031
348159590,2,x206m03,10017
507000086,1,x206m03,10019
898228741,3,x206m03,10021
206541380,2,x206m03,10023
975166622,2,x206m03,10025
511711395,3,x206m03,10027
273381029,2,x206m03,10029
168817661,2,x206m03,10031
